-- MySQL dump 10.13  Distrib 8.0.21, for Linux (x86_64)
--
-- Host: localhost    Database: vk
-- ------------------------------------------------------
-- Server version	8.0.21-0ubuntu0.20.04.4

/*!40101 SET @OLD_CHARACTER_SET_CLIENT=@@CHARACTER_SET_CLIENT */;
/*!40101 SET @OLD_CHARACTER_SET_RESULTS=@@CHARACTER_SET_RESULTS */;
/*!40101 SET @OLD_COLLATION_CONNECTION=@@COLLATION_CONNECTION */;
/*!50503 SET NAMES utf8mb4 */;
/*!40103 SET @OLD_TIME_ZONE=@@TIME_ZONE */;
/*!40103 SET TIME_ZONE='+00:00' */;
/*!40014 SET @OLD_UNIQUE_CHECKS=@@UNIQUE_CHECKS, UNIQUE_CHECKS=0 */;
/*!40014 SET @OLD_FOREIGN_KEY_CHECKS=@@FOREIGN_KEY_CHECKS, FOREIGN_KEY_CHECKS=0 */;
/*!40101 SET @OLD_SQL_MODE=@@SQL_MODE, SQL_MODE='NO_AUTO_VALUE_ON_ZERO' */;
/*!40111 SET @OLD_SQL_NOTES=@@SQL_NOTES, SQL_NOTES=0 */;

--
-- Table structure for table `communities`
--

DROP TABLE IF EXISTS `communities`;
/*!40101 SET @saved_cs_client     = @@character_set_client */;
/*!50503 SET character_set_client = utf8mb4 */;
CREATE TABLE `communities` (
  `id` int unsigned NOT NULL AUTO_INCREMENT COMMENT 'Идентификатор сроки',
  `name` varchar(150) CHARACTER SET utf8 COLLATE utf8_unicode_ci NOT NULL COMMENT 'Название группы',
  `created_at` datetime DEFAULT CURRENT_TIMESTAMP COMMENT 'Время создания строки',
  `updated_at` datetime DEFAULT CURRENT_TIMESTAMP ON UPDATE CURRENT_TIMESTAMP COMMENT 'Время обновления строки',
  PRIMARY KEY (`id`),
  UNIQUE KEY `name` (`name`)
) ENGINE=InnoDB AUTO_INCREMENT=101 DEFAULT CHARSET=utf8 COLLATE=utf8_unicode_ci COMMENT='Группы';
/*!40101 SET character_set_client = @saved_cs_client */;

--
-- Dumping data for table `communities`
--

LOCK TABLES `communities` WRITE;
/*!40000 ALTER TABLE `communities` DISABLE KEYS */;
INSERT INTO `communities` VALUES (1,'sit','2011-05-17 20:49:50','2013-03-17 16:19:53'),(2,'velit','2014-09-15 23:13:57','2017-01-04 11:01:59'),(3,'vel','2013-03-27 05:54:56','2010-09-17 03:27:19'),(4,'deserunt','2013-03-20 00:15:24','2017-07-20 21:11:01'),(5,'sint','2012-09-19 07:07:04','2017-07-03 18:00:43'),(6,'et','2015-11-22 18:42:15','2011-10-19 08:45:10'),(7,'quis','2017-08-30 01:15:10','2017-08-28 06:17:52'),(8,'corporis','2014-03-17 01:03:09','2011-07-04 07:08:31'),(9,'rem','2019-09-11 07:04:50','2015-06-16 06:31:14'),(10,'quo','2016-12-25 05:09:29','2014-05-03 15:28:22'),(11,'soluta','2018-07-14 17:24:29','2017-02-17 14:05:30'),(12,'aut','2018-08-20 10:26:09','2011-06-09 19:47:50'),(13,'ea','2015-04-23 13:36:06','2010-09-14 07:37:31'),(14,'cupiditate','2016-05-02 04:44:55','2013-02-24 16:46:21'),(15,'consequatur','2012-11-25 20:10:02','2012-08-20 07:46:42'),(16,'non','2014-06-07 14:47:56','2017-06-22 09:55:00'),(17,'dolorem','2013-01-29 14:35:36','2011-09-22 09:57:24'),(18,'alias','2014-04-25 17:18:32','2018-10-21 13:36:49'),(19,'debitis','2012-07-30 21:45:54','2016-06-14 17:25:54'),(20,'molestiae','2018-05-23 10:36:31','2019-08-27 07:18:15');
/*!40000 ALTER TABLE `communities` ENABLE KEYS */;
UNLOCK TABLES;

--
-- Table structure for table `communities_users`
--

DROP TABLE IF EXISTS `communities_users`;
/*!40101 SET @saved_cs_client     = @@character_set_client */;
/*!50503 SET character_set_client = utf8mb4 */;
CREATE TABLE `communities_users` (
  `community_id` int unsigned NOT NULL COMMENT 'Ссылка на группу',
  `user_id` int unsigned NOT NULL COMMENT 'Ссылка на пользователя',
  `created_at` datetime DEFAULT CURRENT_TIMESTAMP COMMENT 'Время создания строки',
  PRIMARY KEY (`community_id`,`user_id`) COMMENT 'Составной первичный ключ'
) ENGINE=InnoDB DEFAULT CHARSET=utf8 COLLATE=utf8_unicode_ci COMMENT='Участники групп, связь между пользователями и группами';
/*!40101 SET character_set_client = @saved_cs_client */;

--
-- Dumping data for table `communities_users`
--

LOCK TABLES `communities_users` WRITE;
/*!40000 ALTER TABLE `communities_users` DISABLE KEYS */;
INSERT INTO `communities_users` VALUES (1,55,'2014-05-18 07:34:25'),(1,71,'2011-03-19 18:54:07'),(1,84,'2020-07-21 02:55:46'),(2,53,'2018-02-14 06:42:56'),(2,58,'2020-07-05 12:02:03'),(2,75,'2016-04-13 17:15:56'),(2,79,'2012-04-28 10:40:50'),(2,88,'2017-02-20 22:23:45'),(2,95,'2016-01-08 03:33:53'),(3,5,'2017-05-16 15:48:20'),(3,11,'2010-10-23 23:46:36'),(3,33,'2017-10-07 08:17:09'),(3,59,'2017-10-15 20:56:02'),(3,62,'2020-08-25 09:08:31'),(3,67,'2017-01-23 08:21:29'),(3,76,'2012-02-26 07:48:27'),(3,80,'2014-09-20 22:43:01'),(3,90,'2020-07-24 11:08:12'),(4,14,'2016-06-07 18:56:59'),(4,50,'2018-02-14 23:56:19'),(4,64,'2020-03-26 14:28:31'),(4,69,'2019-12-15 02:56:41'),(5,24,'2017-10-09 02:45:41'),(5,55,'2015-01-17 07:45:40'),(5,63,'2019-04-13 07:31:39'),(6,7,'2013-01-10 09:35:11'),(6,39,'2020-07-01 03:37:20'),(6,41,'2019-03-05 19:46:01'),(6,59,'2011-02-13 12:42:28'),(6,72,'2013-08-31 07:50:42'),(6,74,'2011-08-05 10:58:02'),(7,39,'2011-05-12 21:48:52'),(7,82,'2017-05-03 10:26:54'),(7,93,'2012-05-29 00:59:23'),(8,26,'2019-09-04 01:21:50'),(8,29,'2014-09-30 06:43:20'),(8,41,'2014-03-08 23:38:13'),(8,71,'2015-09-13 11:51:40'),(8,72,'2019-08-11 02:27:39'),(8,81,'2017-04-28 02:39:50'),(9,24,'2013-10-29 09:15:55'),(9,29,'2016-09-11 18:19:24'),(9,45,'2020-05-09 01:41:47'),(9,52,'2012-08-01 00:21:29'),(9,55,'2018-03-29 09:39:18'),(9,65,'2013-06-06 19:55:15'),(9,77,'2017-02-10 23:59:06'),(9,93,'2011-01-14 23:29:18'),(10,19,'2013-06-20 06:11:30'),(10,58,'2016-12-23 09:01:41'),(10,60,'2020-08-12 03:08:31'),(10,74,'2016-03-07 03:19:37'),(11,9,'2018-08-03 19:45:54'),(11,18,'2020-02-20 20:02:43'),(11,21,'2015-09-22 15:17:20'),(11,34,'2015-06-05 06:21:46'),(11,65,'2011-06-01 03:21:43'),(11,73,'2019-07-30 01:16:58'),(11,83,'2016-07-24 11:39:12'),(12,10,'2016-05-14 01:30:01'),(12,16,'2011-07-20 23:33:36'),(12,61,'2013-02-13 22:00:53'),(12,99,'2020-03-11 15:45:41'),(13,22,'2019-06-10 16:00:30'),(13,78,'2015-09-16 06:18:23'),(13,95,'2016-08-23 14:57:58'),(14,3,'2019-04-22 06:56:55'),(14,43,'2011-12-25 18:01:32'),(14,55,'2014-04-12 15:52:34'),(14,58,'2017-03-31 17:38:27'),(14,66,'2019-05-26 10:22:33'),(14,83,'2019-12-03 05:27:46'),(15,4,'2020-06-18 20:30:28'),(15,53,'2013-06-23 09:21:37'),(16,57,'2018-12-09 10:50:05'),(16,61,'2017-01-31 13:34:01'),(16,73,'2013-08-23 05:24:45'),(16,96,'2013-07-20 16:48:58'),(16,100,'2019-01-07 00:50:45'),(17,1,'2011-09-10 14:49:26'),(17,31,'2017-12-27 17:47:08'),(17,64,'2015-05-24 18:43:50'),(18,4,'2012-04-04 11:33:48'),(18,11,'2018-10-23 13:18:30'),(18,19,'2019-10-26 03:56:36'),(18,42,'2020-05-11 09:08:42'),(18,50,'2019-09-23 07:04:52'),(18,64,'2016-10-21 01:38:45'),(18,97,'2013-01-07 12:03:58'),(19,2,'2018-01-31 18:38:31'),(19,16,'2016-10-03 00:34:34'),(19,25,'2015-10-11 16:29:22'),(19,32,'2019-08-06 14:50:27'),(19,33,'2016-01-28 15:01:12'),(19,62,'2012-02-28 22:42:53'),(19,72,'2014-06-12 23:39:22'),(20,17,'2019-05-23 01:33:52'),(20,74,'2012-12-01 15:00:04'),(20,78,'2014-11-19 19:46:54'),(20,82,'2019-12-14 05:19:47');
/*!40000 ALTER TABLE `communities_users` ENABLE KEYS */;
UNLOCK TABLES;

--
-- Table structure for table `friendship`
--

DROP TABLE IF EXISTS `friendship`;
/*!40101 SET @saved_cs_client     = @@character_set_client */;
/*!50503 SET character_set_client = utf8mb4 */;
CREATE TABLE `friendship` (
  `user_id` int unsigned NOT NULL COMMENT 'Ссылка на инициатора дружеских отношений',
  `friend_id` int unsigned NOT NULL COMMENT 'Ссылка на получателя приглашения дружить',
  `status_id` int unsigned NOT NULL COMMENT 'Ссылка на статус (текущее состояние) отношений',
  `requested_at` datetime DEFAULT CURRENT_TIMESTAMP COMMENT 'Время отправления приглашения дружить',
  `confirmed_at` datetime DEFAULT NULL COMMENT 'Время подтверждения приглашения',
  `created_at` datetime DEFAULT CURRENT_TIMESTAMP COMMENT 'Время создания строки',
  `updated_at` datetime DEFAULT CURRENT_TIMESTAMP ON UPDATE CURRENT_TIMESTAMP COMMENT 'Время обновления строки',
  PRIMARY KEY (`user_id`,`friend_id`) COMMENT 'Составной первичный ключ'
) ENGINE=InnoDB DEFAULT CHARSET=utf8 COLLATE=utf8_unicode_ci COMMENT='Таблица дружбы';
/*!40101 SET character_set_client = @saved_cs_client */;

--
-- Dumping data for table `friendship`
--

LOCK TABLES `friendship` WRITE;
/*!40000 ALTER TABLE `friendship` DISABLE KEYS */;
INSERT INTO `friendship` VALUES (1,79,3,'2016-12-01 02:55:59','2014-07-29 01:47:05','2011-01-08 19:00:27','2020-09-15 07:54:53'),(2,8,1,'2014-05-08 19:28:13','2012-03-08 16:25:52','2019-01-19 15:40:43','2020-09-15 07:54:53'),(2,91,2,'2020-06-03 00:10:08','2012-04-07 00:43:41','2014-05-25 04:07:54','2020-09-15 07:54:53'),(5,21,3,'2011-09-29 02:50:59','2016-03-01 02:42:28','2016-03-31 08:53:12','2020-09-15 07:54:53'),(6,72,2,'2020-03-10 03:55:27','2018-03-02 09:53:26','2016-01-06 03:57:43','2020-09-15 07:54:53'),(7,25,1,'2019-03-18 15:09:57','2011-12-09 12:24:43','2020-08-29 09:11:08','2020-09-15 07:54:53'),(7,62,3,'2019-05-08 13:02:30','2015-06-19 20:18:01','2011-02-11 19:22:24','2020-09-15 07:54:53'),(7,80,3,'2012-10-30 18:10:51','2014-06-03 09:53:45','2020-07-22 18:09:58','2020-09-15 07:54:53'),(10,70,1,'2018-08-17 19:33:11','2016-06-20 02:49:15','2016-09-29 13:35:10','2020-09-15 07:54:53'),(10,93,1,'2017-01-31 21:17:35','2017-10-18 05:36:42','2010-12-22 19:03:14','2020-09-15 07:54:53'),(11,88,1,'2020-06-02 05:36:42','2019-06-10 20:56:25','2014-04-21 04:55:31','2020-09-15 07:54:53'),(12,36,2,'2011-02-09 20:17:34','2015-12-19 11:58:38','2011-07-15 16:58:00','2020-09-15 07:54:53'),(12,78,2,'2015-09-15 00:49:28','2019-05-19 18:42:08','2012-10-29 04:51:50','2020-09-15 07:54:53'),(13,46,3,'2018-08-27 10:42:20','2017-07-19 09:26:35','2016-03-23 19:20:12','2020-09-15 07:54:53'),(13,93,1,'2012-11-18 08:42:16','2011-08-15 18:41:16','2020-04-28 02:04:21','2020-09-15 07:54:53'),(15,94,1,'2017-04-09 05:21:06','2020-03-31 18:07:16','2012-07-23 09:43:52','2020-09-15 07:54:53'),(17,79,2,'2011-11-27 12:33:30','2015-04-06 12:11:27','2015-01-13 03:58:52','2020-09-15 07:54:53'),(19,65,3,'2010-10-05 00:46:06','2019-08-29 15:52:14','2013-01-08 21:34:05','2020-09-15 07:54:53'),(20,9,3,'2012-10-15 07:38:24','2018-10-10 22:02:08','2012-04-30 15:49:48','2020-09-15 07:54:53'),(20,28,3,'2017-03-16 18:36:00','2019-12-28 01:10:08','2011-10-10 01:17:02','2020-09-15 07:54:53'),(20,95,1,'2017-10-31 15:03:18','2011-02-24 08:25:16','2018-08-09 00:39:40','2020-09-15 07:54:53'),(21,28,3,'2011-12-02 06:11:35','2015-10-12 11:29:43','2016-05-08 10:16:30','2020-09-15 07:54:53'),(21,30,3,'2015-10-31 16:27:18','2014-10-13 03:58:05','2014-02-25 13:45:57','2020-09-15 07:54:53'),(21,60,2,'2013-09-23 10:04:06','2011-11-22 20:37:28','2012-01-23 14:21:05','2020-09-15 07:54:53'),(21,71,3,'2018-08-19 10:18:41','2019-02-24 05:37:26','2012-08-04 17:06:02','2020-09-15 07:54:53'),(22,47,3,'2013-05-15 12:43:28','2017-10-15 08:34:31','2017-05-27 12:47:41','2020-09-15 07:54:53'),(26,16,3,'2020-05-10 01:44:39','2018-05-30 02:46:15','2015-07-08 08:47:21','2020-09-15 07:54:53'),(27,76,3,'2016-01-10 23:09:14','2012-06-01 20:28:57','2019-07-03 10:57:14','2020-09-15 07:54:53'),(28,81,1,'2010-10-03 15:04:17','2019-11-13 02:40:18','2018-01-25 22:38:03','2020-09-15 07:54:53'),(33,57,3,'2015-05-31 00:42:25','2014-10-20 21:15:14','2016-12-12 19:53:31','2020-09-15 07:54:53'),(34,86,1,'2019-10-20 15:17:10','2015-06-26 05:19:36','2010-11-09 04:08:37','2020-09-15 07:54:53'),(35,6,1,'2013-12-07 08:59:54','2014-02-05 17:38:54','2017-06-14 06:16:33','2020-09-15 07:54:53'),(37,39,3,'2020-02-02 10:41:47','2019-11-27 10:52:28','2013-06-07 22:12:37','2020-09-15 07:54:53'),(37,46,1,'2017-09-06 15:31:36','2014-01-09 15:59:01','2013-08-30 22:28:16','2020-09-15 07:54:53'),(38,34,2,'2016-09-27 01:57:02','2014-02-08 17:18:39','2015-02-13 10:01:54','2020-09-15 07:54:53'),(39,22,3,'2015-09-29 16:31:50','2011-12-04 12:05:07','2017-07-16 00:44:05','2020-09-15 07:54:53'),(40,1,3,'2016-02-11 12:59:05','2020-09-01 08:21:28','2015-03-03 16:58:43','2020-09-15 07:54:53'),(40,13,2,'2015-09-28 07:52:45','2012-06-10 23:37:49','2016-04-24 12:05:24','2020-09-15 07:54:53'),(40,56,2,'2018-08-09 16:32:28','2019-09-19 10:31:38','2011-04-21 07:23:39','2020-09-15 07:54:53'),(40,65,1,'2016-05-16 12:19:52','2012-10-11 12:11:31','2010-12-19 17:13:03','2020-09-15 07:54:53'),(40,90,1,'2020-04-24 19:49:04','2015-05-12 19:34:36','2011-04-19 07:27:57','2020-09-15 07:54:53'),(45,85,3,'2017-05-19 23:51:06','2020-05-05 17:19:47','2014-08-28 04:12:39','2020-09-15 07:54:53'),(45,93,1,'2017-06-20 16:47:04','2016-09-03 14:16:59','2018-05-12 04:37:02','2020-09-15 07:54:53'),(48,40,2,'2011-08-16 07:41:20','2010-10-11 07:21:16','2017-04-29 08:14:39','2020-09-15 07:54:53'),(50,17,2,'2015-07-19 05:53:54','2011-02-11 10:27:23','2018-04-03 21:25:59','2020-09-15 07:54:53'),(50,28,3,'2017-08-30 06:09:51','2010-09-17 06:28:07','2016-10-21 19:37:34','2020-09-15 07:54:53'),(50,99,2,'2018-08-10 18:55:08','2011-10-10 10:53:27','2013-12-30 07:02:34','2020-09-15 07:54:53'),(51,38,2,'2011-02-06 22:23:15','2015-02-14 05:49:35','2015-07-29 20:43:30','2020-09-15 07:54:53'),(52,22,2,'2016-01-08 00:16:21','2019-01-18 00:32:30','2014-06-21 22:19:33','2020-09-15 07:54:53'),(52,77,1,'2014-03-28 13:34:11','2020-02-11 18:19:24','2017-10-23 00:07:32','2020-09-15 07:54:53'),(53,64,2,'2015-02-27 20:20:31','2017-04-29 10:50:50','2013-03-15 21:00:08','2020-09-15 07:54:53'),(54,87,3,'2012-05-17 17:57:12','2017-08-08 10:13:20','2013-08-21 14:58:16','2020-09-15 07:54:53'),(55,62,2,'2013-12-07 13:23:35','2017-04-12 07:57:43','2019-06-07 21:25:16','2020-09-15 07:54:53'),(57,15,1,'2015-02-13 13:42:15','2013-06-01 17:26:28','2020-02-07 20:03:21','2020-09-15 07:54:53'),(57,21,1,'2012-01-01 14:20:33','2016-04-18 19:21:38','2017-04-19 13:49:00','2020-09-15 07:54:53'),(57,26,2,'2014-02-20 10:47:57','2014-04-20 08:39:44','2018-11-17 20:30:34','2020-09-15 07:54:53'),(58,77,1,'2014-05-13 15:12:21','2014-10-17 00:45:43','2018-11-03 18:02:06','2020-09-15 07:54:53'),(58,80,1,'2015-04-23 04:48:59','2013-08-26 11:17:08','2017-12-26 02:02:37','2020-09-15 07:54:53'),(59,27,2,'2015-09-17 20:38:08','2016-01-06 17:36:13','2017-04-01 07:13:16','2020-09-15 07:54:53'),(60,7,2,'2016-06-05 03:40:30','2020-02-19 04:37:10','2011-07-27 19:47:13','2020-09-15 07:54:53'),(61,45,2,'2012-08-31 19:25:20','2011-03-16 07:55:21','2012-12-13 17:02:04','2020-09-15 07:54:53'),(62,40,1,'2010-10-26 07:56:17','2018-10-23 06:23:43','2013-04-28 19:19:57','2020-09-15 07:54:53'),(64,12,2,'2014-02-21 06:15:50','2016-01-05 13:30:32','2017-06-10 13:12:43','2020-09-15 07:54:53'),(65,49,2,'2016-12-03 02:21:08','2019-03-10 07:05:50','2017-04-08 14:06:01','2020-09-15 07:54:53'),(65,51,2,'2015-11-02 03:50:27','2017-06-24 22:45:47','2020-05-17 05:43:15','2020-09-15 07:54:53'),(70,49,2,'2019-12-23 10:31:40','2013-07-07 15:37:06','2017-05-20 23:43:54','2020-09-15 07:54:53'),(71,66,1,'2017-08-17 16:42:38','2015-01-09 22:30:54','2015-09-17 20:45:15','2020-09-15 07:54:53'),(72,77,3,'2017-11-06 06:10:13','2012-05-06 07:43:10','2011-07-15 14:53:03','2020-09-15 07:54:53'),(73,3,3,'2014-12-02 14:48:06','2015-10-06 17:16:44','2019-07-14 21:27:36','2020-09-15 07:54:53'),(73,77,2,'2012-11-08 19:28:27','2019-07-19 14:58:49','2019-08-09 15:00:52','2020-09-15 07:54:53'),(73,89,1,'2013-11-10 09:19:05','2013-11-15 03:36:52','2020-06-20 11:38:39','2020-09-15 07:54:53'),(74,63,3,'2014-03-07 11:11:27','2012-02-08 09:12:36','2011-06-12 15:34:25','2020-09-15 07:54:53'),(74,80,3,'2013-11-08 23:54:12','2011-09-03 04:23:02','2011-12-23 07:06:36','2020-09-15 07:54:53'),(75,31,1,'2017-03-27 01:46:05','2018-08-08 19:11:05','2012-07-24 15:06:53','2020-09-15 07:54:53'),(77,33,2,'2019-12-28 19:54:12','2020-06-19 05:36:55','2016-06-01 14:14:28','2020-09-15 07:54:53'),(78,10,1,'2010-11-12 04:30:30','2010-12-28 05:55:21','2016-09-04 21:31:55','2020-09-15 07:54:53'),(78,39,2,'2019-12-02 06:31:37','2018-08-25 08:36:43','2016-11-15 03:58:36','2020-09-15 07:54:53'),(78,58,2,'2016-01-17 00:19:47','2019-11-04 11:15:48','2017-11-28 06:05:58','2020-09-15 07:54:53'),(79,29,1,'2016-08-02 14:57:28','2016-06-25 19:48:21','2017-04-13 13:00:56','2020-09-15 07:54:53'),(79,75,2,'2014-12-20 08:01:41','2019-07-13 15:41:03','2013-02-02 00:14:31','2020-09-15 07:54:53'),(79,81,3,'2012-12-16 18:32:56','2012-09-23 21:12:02','2013-08-07 15:05:37','2020-09-15 07:54:53'),(81,74,1,'2010-12-28 14:08:19','2019-06-24 08:18:36','2011-03-03 21:42:11','2020-09-15 07:54:53'),(83,94,1,'2011-09-19 01:58:16','2020-07-12 04:53:36','2016-06-30 23:11:16','2020-09-15 07:54:53'),(85,37,1,'2015-02-16 21:18:09','2014-11-19 21:03:28','2013-03-11 13:44:45','2020-09-15 07:54:53'),(86,88,3,'2013-12-26 00:16:36','2012-01-05 14:54:13','2012-06-08 23:12:00','2020-09-15 07:54:53'),(90,48,3,'2011-06-17 06:15:58','2011-12-29 04:41:10','2016-01-05 22:56:51','2020-09-15 07:54:53'),(90,82,2,'2014-12-29 14:39:08','2018-06-20 20:51:06','2016-05-19 18:13:17','2020-09-15 07:54:53'),(90,99,1,'2013-05-05 03:28:44','2016-09-03 16:08:00','2015-06-12 03:46:08','2020-09-15 07:54:53'),(91,7,2,'2019-07-13 12:29:32','2017-08-29 19:09:05','2014-09-23 15:18:32','2020-09-15 07:54:53'),(91,14,3,'2011-09-02 22:00:11','2014-03-14 16:10:41','2016-11-04 02:31:40','2020-09-15 07:54:53'),(92,86,2,'2013-11-23 21:39:42','2010-09-13 21:46:27','2014-10-28 00:23:48','2020-09-15 07:54:53'),(94,65,2,'2018-10-27 01:11:55','2013-11-08 11:05:52','2013-04-13 18:12:10','2020-09-15 07:54:53'),(96,84,1,'2020-01-02 06:36:54','2015-11-27 01:40:11','2018-07-27 23:33:10','2020-09-15 07:54:53'),(96,96,3,'2012-04-12 19:14:42','2020-05-23 09:35:39','2020-02-09 21:42:25','2020-09-15 07:54:53'),(98,62,1,'2016-07-12 06:24:12','2017-02-24 06:49:53','2014-11-13 12:48:39','2020-09-15 07:54:53'),(98,97,3,'2014-03-08 07:07:54','2018-12-22 04:36:36','2020-02-11 00:59:48','2020-09-15 07:54:53'),(98,100,1,'2011-11-27 16:36:40','2016-02-14 09:02:04','2015-01-06 09:41:32','2020-09-15 07:54:53'),(99,92,2,'2011-06-07 15:21:11','2012-05-08 15:06:22','2017-03-01 08:29:34','2020-09-15 07:54:53'),(100,31,2,'2011-05-13 06:23:04','2013-09-19 23:26:37','2012-10-15 22:38:21','2020-09-15 07:54:53'),(100,95,3,'2011-03-02 19:57:49','2012-03-27 11:54:35','2015-08-08 12:59:15','2020-09-15 07:54:53');
/*!40000 ALTER TABLE `friendship` ENABLE KEYS */;
UNLOCK TABLES;

--
-- Table structure for table `friendship_statuses`
--

DROP TABLE IF EXISTS `friendship_statuses`;
/*!40101 SET @saved_cs_client     = @@character_set_client */;
/*!50503 SET character_set_client = utf8mb4 */;
CREATE TABLE `friendship_statuses` (
  `id` int unsigned NOT NULL AUTO_INCREMENT COMMENT 'Идентификатор строки',
  `name` varchar(150) CHARACTER SET utf8 COLLATE utf8_unicode_ci NOT NULL COMMENT 'Название статуса',
  `created_at` datetime DEFAULT CURRENT_TIMESTAMP COMMENT 'Время создания строки',
  `updated_at` datetime DEFAULT CURRENT_TIMESTAMP ON UPDATE CURRENT_TIMESTAMP COMMENT 'Время обновления строки',
  PRIMARY KEY (`id`),
  UNIQUE KEY `name` (`name`)
) ENGINE=InnoDB AUTO_INCREMENT=4 DEFAULT CHARSET=utf8 COLLATE=utf8_unicode_ci COMMENT='Статусы дружбы';
/*!40101 SET character_set_client = @saved_cs_client */;

--
-- Dumping data for table `friendship_statuses`
--

LOCK TABLES `friendship_statuses` WRITE;
/*!40000 ALTER TABLE `friendship_statuses` DISABLE KEYS */;
INSERT INTO `friendship_statuses` VALUES (1,'Requested','2020-09-15 07:52:56','2020-09-15 07:52:56'),(2,'Confirmed','2020-09-15 07:52:56','2020-09-15 07:52:56'),(3,'Rejected','2020-09-15 07:52:56','2020-09-15 07:52:56');
/*!40000 ALTER TABLE `friendship_statuses` ENABLE KEYS */;
UNLOCK TABLES;

--
-- Table structure for table `media`
--

DROP TABLE IF EXISTS `media`;
/*!40101 SET @saved_cs_client     = @@character_set_client */;
/*!50503 SET character_set_client = utf8mb4 */;
CREATE TABLE `media` (
  `id` int unsigned NOT NULL AUTO_INCREMENT COMMENT 'Идентификатор строки',
  `user_id` int unsigned NOT NULL COMMENT 'Ссылка на пользователя, который загрузил файл',
  `filename` varchar(255) CHARACTER SET utf8 COLLATE utf8_unicode_ci NOT NULL COMMENT 'Путь к файлу',
  `size` int NOT NULL COMMENT 'Размер файла',
  `metadata` json DEFAULT NULL,
  `media_type_id` int unsigned NOT NULL COMMENT 'Ссылка на тип контента',
  `created_at` datetime DEFAULT CURRENT_TIMESTAMP COMMENT 'Время создания строки',
  `updated_at` datetime DEFAULT CURRENT_TIMESTAMP ON UPDATE CURRENT_TIMESTAMP COMMENT 'Время обновления строки',
  PRIMARY KEY (`id`),
  CONSTRAINT `media_chk_1` CHECK (json_valid(`metadata`))
) ENGINE=InnoDB AUTO_INCREMENT=101 DEFAULT CHARSET=utf8 COLLATE=utf8_unicode_ci COMMENT='Медиафайлы';
/*!40101 SET character_set_client = @saved_cs_client */;

--
-- Dumping data for table `media`
--

LOCK TABLES `media` WRITE;
/*!40000 ALTER TABLE `media` DISABLE KEYS */;
INSERT INTO `media` VALUES (1,17,'http://dropbox.net/vk/et.png',397047,'{\"owner\": \"Rachelle Spinka\"}',3,'2016-05-27 04:01:43','2020-09-15 07:47:42'),(2,35,'http://dropbox.net/vk/ut.mpeg',8712,'{\"owner\": \"Pearlie Kohler\"}',3,'2017-12-19 07:51:27','2020-09-15 07:47:42'),(3,26,'http://dropbox.net/vk/dolore.mpeg',9734,'{\"owner\": \"Destiney Ankunding\"}',2,'2020-04-13 01:22:31','2020-09-15 07:47:42'),(4,25,'http://dropbox.net/vk/ut.mpeg',988913,'{\"owner\": \"Tanya Mayert\"}',2,'2020-04-15 08:03:52','2020-09-15 07:47:42'),(5,45,'http://dropbox.net/vk/non.png',212480,'{\"owner\": \"Weston Miller\"}',2,'2016-02-09 06:44:29','2020-09-15 07:47:42'),(6,50,'http://dropbox.net/vk/omnis.mpeg',204670,'{\"owner\": \"Dion Legros\"}',3,'2018-03-15 22:36:27','2020-09-15 07:47:42'),(7,15,'http://dropbox.net/vk/aperiam.png',77223989,'{\"owner\": \"Ephraim Hagenes\"}',1,'2013-12-10 19:20:43','2020-09-15 07:47:42'),(8,22,'http://dropbox.net/vk/vel.mpeg',743428,'{\"owner\": \"Dillan Okuneva\"}',2,'2014-11-06 23:21:22','2020-09-15 07:47:42'),(9,68,'http://dropbox.net/vk/sit.avi',740399,'{\"owner\": \"Kara Herzog\"}',2,'2015-04-04 15:27:30','2020-09-15 07:47:42'),(10,70,'http://dropbox.net/vk/optio.png',15752627,'{\"owner\": \"Germaine Hoeger\"}',1,'2019-01-27 11:40:06','2020-09-15 07:47:42'),(11,47,'http://dropbox.net/vk/quas.png',461712,'{\"owner\": \"Demetris Nitzsche\"}',1,'2012-04-09 23:50:04','2020-09-15 07:47:42'),(12,25,'http://dropbox.net/vk/tempore.avi',610549945,'{\"owner\": \"Tanya Mayert\"}',1,'2019-08-13 18:23:19','2020-09-15 07:47:42'),(13,82,'http://dropbox.net/vk/sed.png',59220,'{\"owner\": \"Janessa Breitenberg\"}',3,'2012-05-30 14:06:30','2020-09-15 07:47:42'),(14,37,'http://dropbox.net/vk/repudiandae.png',2511016,'{\"owner\": \"Wilbert Nader\"}',2,'2013-10-11 17:32:08','2020-09-15 07:47:42'),(15,36,'http://dropbox.net/vk/nihil.mpeg',6242086,'{\"owner\": \"Vilma Rosenbaum\"}',3,'2012-03-25 11:10:36','2020-09-15 07:47:42'),(16,69,'http://dropbox.net/vk/a.avi',77365,'{\"owner\": \"Malinda Stroman\"}',1,'2019-12-18 03:24:09','2020-09-15 07:47:42'),(17,39,'http://dropbox.net/vk/ut.jpeg',991691,'{\"owner\": \"Conor Kautzer\"}',3,'2012-08-27 10:25:54','2020-09-15 07:47:42'),(18,84,'http://dropbox.net/vk/laborum.mpeg',716357,'{\"owner\": \"Franco Hoppe\"}',1,'2015-03-22 21:25:57','2020-09-15 07:47:42'),(19,4,'http://dropbox.net/vk/eos.jpeg',596713,'{\"owner\": \"Trey Borer\"}',1,'2019-10-20 02:17:05','2020-09-15 07:47:42'),(20,66,'http://dropbox.net/vk/ut.avi',6751125,'{\"owner\": \"Mertie D\'Amore\"}',3,'2018-04-08 13:18:32','2020-09-15 07:47:42'),(21,19,'http://dropbox.net/vk/molestiae.png',824494,'{\"owner\": \"Lorna White\"}',3,'2020-06-17 04:35:17','2020-09-15 07:47:42'),(22,96,'http://dropbox.net/vk/hic.avi',7360,'{\"owner\": \"Iliana Kub\"}',3,'2018-08-10 13:36:33','2020-09-15 07:47:42'),(23,23,'http://dropbox.net/vk/aliquid.jpeg',31923607,'{\"owner\": \"Daniella Mueller\"}',3,'2017-08-20 11:32:32','2020-09-15 07:47:42'),(24,26,'http://dropbox.net/vk/vel.avi',44021968,'{\"owner\": \"Destiney Ankunding\"}',3,'2020-04-04 15:55:35','2020-09-15 07:47:42'),(25,59,'http://dropbox.net/vk/quis.jpeg',322332,'{\"owner\": \"Oswaldo Douglas\"}',3,'2015-02-12 04:27:46','2020-09-15 07:47:42'),(26,17,'http://dropbox.net/vk/voluptatem.avi',128179,'{\"owner\": \"Rachelle Spinka\"}',3,'2016-01-17 23:05:57','2020-09-15 07:47:42'),(27,8,'http://dropbox.net/vk/provident.jpeg',1806746,'{\"owner\": \"Felipe Carter\"}',1,'2017-09-26 19:35:50','2020-09-15 07:47:42'),(28,88,'http://dropbox.net/vk/placeat.mpeg',46287644,'{\"owner\": \"Consuelo Kuhic\"}',3,'2018-04-14 03:22:19','2020-09-15 07:47:42'),(29,18,'http://dropbox.net/vk/voluptates.jpeg',663900,'{\"owner\": \"Eileen Wolf\"}',2,'2019-04-11 11:27:16','2020-09-15 07:47:42'),(30,23,'http://dropbox.net/vk/rerum.png',924965,'{\"owner\": \"Daniella Mueller\"}',1,'2015-08-04 07:46:06','2020-09-15 07:47:42'),(31,60,'http://dropbox.net/vk/ad.jpeg',7993,'{\"owner\": \"Payton Bauch\"}',1,'2011-07-26 20:42:29','2020-09-15 07:47:42'),(32,33,'http://dropbox.net/vk/et.avi',300832,'{\"owner\": \"Jaquelin Murazik\"}',2,'2019-02-22 11:37:24','2020-09-15 07:47:42'),(33,81,'http://dropbox.net/vk/quis.avi',13449782,'{\"owner\": \"Afton Dickens\"}',3,'2019-05-22 07:53:11','2020-09-15 07:47:42'),(34,8,'http://dropbox.net/vk/et.mpeg',623125,'{\"owner\": \"Felipe Carter\"}',1,'2013-03-23 16:04:51','2020-09-15 07:47:42'),(35,96,'http://dropbox.net/vk/at.avi',5630074,'{\"owner\": \"Iliana Kub\"}',2,'2020-01-07 11:55:56','2020-09-15 07:47:42'),(36,54,'http://dropbox.net/vk/eveniet.png',330729,'{\"owner\": \"Kiel Purdy\"}',2,'2012-02-20 05:03:57','2020-09-15 07:47:42'),(37,82,'http://dropbox.net/vk/placeat.mpeg',1826769,'{\"owner\": \"Janessa Breitenberg\"}',2,'2017-12-01 16:33:21','2020-09-15 07:47:42'),(38,46,'http://dropbox.net/vk/aut.png',4023,'{\"owner\": \"Hermina Crooks\"}',1,'2010-09-21 03:00:07','2020-09-15 07:47:42'),(39,86,'http://dropbox.net/vk/quaerat.jpeg',8474150,'{\"owner\": \"Macy Reynolds\"}',3,'2020-06-21 07:55:11','2020-09-15 07:47:42'),(40,89,'http://dropbox.net/vk/omnis.avi',38904,'{\"owner\": \"Norene Macejkovic\"}',1,'2015-04-25 02:07:17','2020-09-15 07:47:42'),(41,88,'http://dropbox.net/vk/provident.mpeg',9920,'{\"owner\": \"Consuelo Kuhic\"}',2,'2014-06-09 17:07:08','2020-09-15 07:47:42'),(42,74,'http://dropbox.net/vk/deserunt.avi',7842684,'{\"owner\": \"Laura Rutherford\"}',3,'2017-02-04 23:41:43','2020-09-15 07:47:42'),(43,6,'http://dropbox.net/vk/facere.mpeg',28049952,'{\"owner\": \"Candice Pagac\"}',2,'2019-01-12 23:04:50','2020-09-15 07:47:42'),(44,4,'http://dropbox.net/vk/ullam.png',4585,'{\"owner\": \"Trey Borer\"}',1,'2012-01-06 11:57:29','2020-09-15 07:47:42'),(45,4,'http://dropbox.net/vk/laborum.png',774270,'{\"owner\": \"Trey Borer\"}',1,'2015-04-01 17:17:00','2020-09-15 07:47:42'),(46,6,'http://dropbox.net/vk/blanditiis.png',869165,'{\"owner\": \"Candice Pagac\"}',1,'2015-11-12 16:14:42','2020-09-15 07:47:42'),(47,18,'http://dropbox.net/vk/veritatis.avi',7582,'{\"owner\": \"Eileen Wolf\"}',3,'2020-04-30 06:41:21','2020-09-15 07:47:42'),(48,73,'http://dropbox.net/vk/molestiae.jpeg',13016,'{\"owner\": \"Moriah Stoltenberg\"}',2,'2018-12-13 21:39:27','2020-09-15 07:47:42'),(49,10,'http://dropbox.net/vk/debitis.jpeg',875903714,'{\"owner\": \"Adela Denesik\"}',2,'2019-11-08 00:43:23','2020-09-15 07:47:42'),(50,28,'http://dropbox.net/vk/vero.avi',447585,'{\"owner\": \"Enrico Green\"}',2,'2018-11-17 01:24:08','2020-09-15 07:47:42'),(51,12,'http://dropbox.net/vk/et.png',56805271,'{\"owner\": \"Aleen Halvorson\"}',1,'2013-11-23 08:16:11','2020-09-15 07:47:42'),(52,77,'http://dropbox.net/vk/facilis.avi',92667,'{\"owner\": \"Donnie Walter\"}',2,'2015-08-09 18:56:18','2020-09-15 07:47:42'),(53,46,'http://dropbox.net/vk/dolorum.jpeg',37292587,'{\"owner\": \"Hermina Crooks\"}',2,'2018-12-07 01:20:43','2020-09-15 07:47:42'),(54,1,'http://dropbox.net/vk/dolores.mpeg',6033,'{\"owner\": \"Marcelo Beer\"}',2,'2018-06-06 20:49:35','2020-09-15 07:47:42'),(55,64,'http://dropbox.net/vk/voluptatem.avi',5468,'{\"owner\": \"Brett White\"}',3,'2013-03-30 05:41:36','2020-09-15 07:47:42'),(56,16,'http://dropbox.net/vk/possimus.jpeg',3829716,'{\"owner\": \"Rashad Erdman\"}',1,'2019-10-15 17:04:42','2020-09-15 07:47:42'),(57,88,'http://dropbox.net/vk/harum.jpeg',2818615,'{\"owner\": \"Consuelo Kuhic\"}',1,'2015-05-11 06:04:52','2020-09-15 07:47:42'),(58,91,'http://dropbox.net/vk/earum.avi',650880,'{\"owner\": \"Ottilie Tillman\"}',1,'2020-07-05 18:55:18','2020-09-15 07:47:42'),(59,90,'http://dropbox.net/vk/iure.mpeg',188876,'{\"owner\": \"Madge Daugherty\"}',1,'2012-05-22 04:21:45','2020-09-15 07:47:42'),(60,77,'http://dropbox.net/vk/mollitia.mpeg',591625,'{\"owner\": \"Donnie Walter\"}',3,'2011-10-30 06:13:33','2020-09-15 07:47:42'),(61,13,'http://dropbox.net/vk/et.png',381497,'{\"owner\": \"Samara O\'Hara\"}',3,'2019-06-09 08:32:53','2020-09-15 07:47:42'),(62,33,'http://dropbox.net/vk/est.jpeg',744009,'{\"owner\": \"Jaquelin Murazik\"}',2,'2018-05-15 18:50:35','2020-09-15 07:47:42'),(63,26,'http://dropbox.net/vk/quidem.avi',66182110,'{\"owner\": \"Destiney Ankunding\"}',2,'2013-08-25 02:05:51','2020-09-15 07:47:42'),(64,32,'http://dropbox.net/vk/laboriosam.mpeg',122611,'{\"owner\": \"Bridget Ledner\"}',2,'2019-01-05 13:25:06','2020-09-15 07:47:42'),(65,79,'http://dropbox.net/vk/consequuntur.png',458567,'{\"owner\": \"Loren Daniel\"}',3,'2018-04-18 16:44:55','2020-09-15 07:47:42'),(66,100,'http://dropbox.net/vk/magni.mpeg',915000,'{\"owner\": \"Amir Cummerata\"}',3,'2012-07-07 04:51:57','2020-09-15 07:47:42'),(67,62,'http://dropbox.net/vk/odit.mpeg',8192389,'{\"owner\": \"Elian Gerlach\"}',2,'2011-02-24 06:11:58','2020-09-15 07:47:42'),(68,9,'http://dropbox.net/vk/odit.png',189300,'{\"owner\": \"Isabell Carter\"}',2,'2017-08-05 22:16:46','2020-09-15 07:47:42'),(69,58,'http://dropbox.net/vk/voluptas.avi',2080,'{\"owner\": \"Sylvia Nitzsche\"}',1,'2012-03-18 07:16:23','2020-09-15 07:47:42'),(70,63,'http://dropbox.net/vk/nam.png',93149772,'{\"owner\": \"Tanya Dooley\"}',2,'2016-04-18 20:39:01','2020-09-15 07:47:42'),(71,41,'http://dropbox.net/vk/temporibus.mpeg',58837,'{\"owner\": \"Sandrine Effertz\"}',3,'2014-08-02 19:14:24','2020-09-15 07:47:42'),(72,16,'http://dropbox.net/vk/quas.avi',191499,'{\"owner\": \"Rashad Erdman\"}',1,'2020-06-07 07:12:05','2020-09-15 07:47:42'),(73,57,'http://dropbox.net/vk/animi.mpeg',5334,'{\"owner\": \"Telly Tremblay\"}',3,'2017-09-08 10:36:08','2020-09-15 07:47:42'),(74,37,'http://dropbox.net/vk/magnam.jpeg',949369980,'{\"owner\": \"Wilbert Nader\"}',3,'2012-04-20 22:02:23','2020-09-15 07:47:42'),(75,15,'http://dropbox.net/vk/fugiat.mpeg',379596,'{\"owner\": \"Ephraim Hagenes\"}',1,'2017-01-11 07:21:25','2020-09-15 07:47:42'),(76,60,'http://dropbox.net/vk/beatae.avi',313483,'{\"owner\": \"Payton Bauch\"}',1,'2013-06-27 13:09:56','2020-09-15 07:47:42'),(77,57,'http://dropbox.net/vk/omnis.png',418629,'{\"owner\": \"Telly Tremblay\"}',3,'2013-02-03 10:36:55','2020-09-15 07:47:42'),(78,2,'http://dropbox.net/vk/sit.mpeg',142694,'{\"owner\": \"Claud Reynolds\"}',1,'2011-03-20 22:37:19','2020-09-15 07:47:42'),(79,42,'http://dropbox.net/vk/harum.png',447587,'{\"owner\": \"April Lynch\"}',1,'2019-07-29 21:00:43','2020-09-15 07:47:42'),(80,1,'http://dropbox.net/vk/sit.jpeg',799850,'{\"owner\": \"Marcelo Beer\"}',1,'2011-11-12 12:21:11','2020-09-15 07:47:42'),(81,79,'http://dropbox.net/vk/libero.avi',646493,'{\"owner\": \"Loren Daniel\"}',1,'2012-09-28 06:45:25','2020-09-15 07:47:42'),(82,91,'http://dropbox.net/vk/cupiditate.avi',36658748,'{\"owner\": \"Ottilie Tillman\"}',2,'2016-06-19 15:22:25','2020-09-15 07:47:42'),(83,18,'http://dropbox.net/vk/est.avi',3264899,'{\"owner\": \"Eileen Wolf\"}',3,'2018-09-06 03:17:01','2020-09-15 07:47:42'),(84,15,'http://dropbox.net/vk/ut.jpeg',80707955,'{\"owner\": \"Ephraim Hagenes\"}',3,'2019-04-23 01:08:41','2020-09-15 07:47:42'),(85,21,'http://dropbox.net/vk/magnam.jpeg',91677630,'{\"owner\": \"Florian Schneider\"}',2,'2020-07-20 03:09:57','2020-09-15 07:47:42'),(86,60,'http://dropbox.net/vk/corrupti.jpeg',822913,'{\"owner\": \"Payton Bauch\"}',3,'2013-03-09 16:42:26','2020-09-15 07:47:42'),(87,36,'http://dropbox.net/vk/sed.mpeg',78811345,'{\"owner\": \"Vilma Rosenbaum\"}',3,'2012-05-23 11:09:41','2020-09-15 07:47:42'),(88,100,'http://dropbox.net/vk/veniam.png',4848162,'{\"owner\": \"Amir Cummerata\"}',1,'2015-06-23 12:49:56','2020-09-15 07:47:42'),(89,89,'http://dropbox.net/vk/fuga.jpeg',235370,'{\"owner\": \"Norene Macejkovic\"}',2,'2018-10-22 03:00:28','2020-09-15 07:47:42'),(90,47,'http://dropbox.net/vk/aut.mpeg',47952878,'{\"owner\": \"Demetris Nitzsche\"}',3,'2017-05-28 20:34:05','2020-09-15 07:47:42'),(91,69,'http://dropbox.net/vk/expedita.mpeg',165086,'{\"owner\": \"Malinda Stroman\"}',3,'2016-03-04 20:13:00','2020-09-15 07:47:42'),(92,1,'http://dropbox.net/vk/repudiandae.avi',346693,'{\"owner\": \"Marcelo Beer\"}',3,'2019-03-04 15:33:00','2020-09-15 07:47:42'),(93,97,'http://dropbox.net/vk/in.jpeg',228206,'{\"owner\": \"Hailee Bayer\"}',1,'2017-03-01 22:49:40','2020-09-15 07:47:42'),(94,84,'http://dropbox.net/vk/perferendis.png',90953,'{\"owner\": \"Franco Hoppe\"}',3,'2018-02-01 01:37:23','2020-09-15 07:47:42'),(95,29,'http://dropbox.net/vk/fugiat.avi',760147,'{\"owner\": \"Carrie Paucek\"}',3,'2015-10-04 14:23:42','2020-09-15 07:47:42'),(96,90,'http://dropbox.net/vk/et.avi',517877,'{\"owner\": \"Madge Daugherty\"}',3,'2015-09-18 21:29:13','2020-09-15 07:47:42'),(97,65,'http://dropbox.net/vk/deserunt.avi',561865882,'{\"owner\": \"Kellen Ferry\"}',1,'2020-04-03 02:11:05','2020-09-15 07:47:42'),(98,53,'http://dropbox.net/vk/excepturi.avi',298944,'{\"owner\": \"Estel Grady\"}',2,'2020-07-04 12:59:08','2020-09-15 07:47:42'),(99,71,'http://dropbox.net/vk/voluptatem.mpeg',515761784,'{\"owner\": \"Asha Gottlieb\"}',2,'2016-03-29 07:35:32','2020-09-15 07:47:42'),(100,97,'http://dropbox.net/vk/ut.avi',931088,'{\"owner\": \"Hailee Bayer\"}',2,'2018-01-02 01:40:44','2020-09-15 07:47:42');
/*!40000 ALTER TABLE `media` ENABLE KEYS */;
UNLOCK TABLES;

--
-- Table structure for table `media_types`
--

DROP TABLE IF EXISTS `media_types`;
/*!40101 SET @saved_cs_client     = @@character_set_client */;
/*!50503 SET character_set_client = utf8mb4 */;
CREATE TABLE `media_types` (
  `id` int unsigned NOT NULL AUTO_INCREMENT COMMENT 'Идентификатор строки',
  `name` varchar(255) CHARACTER SET utf8 COLLATE utf8_unicode_ci NOT NULL COMMENT 'Название типа',
  `created_at` datetime DEFAULT CURRENT_TIMESTAMP COMMENT 'Время создания строки',
  `updated_at` datetime DEFAULT CURRENT_TIMESTAMP ON UPDATE CURRENT_TIMESTAMP COMMENT 'Время обновления строки',
  PRIMARY KEY (`id`),
  UNIQUE KEY `name` (`name`)
) ENGINE=InnoDB AUTO_INCREMENT=4 DEFAULT CHARSET=utf8 COLLATE=utf8_unicode_ci COMMENT='Типы медиафайлов';
/*!40101 SET character_set_client = @saved_cs_client */;

--
-- Dumping data for table `media_types`
--

LOCK TABLES `media_types` WRITE;
/*!40000 ALTER TABLE `media_types` DISABLE KEYS */;
INSERT INTO `media_types` VALUES (1,'image','2020-09-15 07:24:52','2020-09-15 07:24:52'),(2,'video','2020-09-15 07:24:52','2020-09-15 07:24:52'),(3,'audio','2020-09-15 07:24:52','2020-09-15 07:24:52');
/*!40000 ALTER TABLE `media_types` ENABLE KEYS */;
UNLOCK TABLES;

--
-- Table structure for table `messages`
--

DROP TABLE IF EXISTS `messages`;
/*!40101 SET @saved_cs_client     = @@character_set_client */;
/*!50503 SET character_set_client = utf8mb4 */;
CREATE TABLE `messages` (
  `id` int unsigned NOT NULL AUTO_INCREMENT COMMENT 'Идентификатор строки',
  `from_user_id` int unsigned NOT NULL COMMENT 'Ссылка на отправителя сообщения',
  `to_user_id` int unsigned NOT NULL COMMENT 'Ссылка на получателя сообщения',
  `body` text CHARACTER SET utf8 COLLATE utf8_unicode_ci NOT NULL COMMENT 'Текст сообщения',
  `is_important` tinyint(1) DEFAULT NULL COMMENT 'Признак важности',
  `is_delivered` tinyint(1) DEFAULT NULL COMMENT 'Признак доставки',
  `created_at` datetime DEFAULT CURRENT_TIMESTAMP COMMENT 'Время создания строки',
  `updated_at` datetime DEFAULT CURRENT_TIMESTAMP ON UPDATE CURRENT_TIMESTAMP COMMENT 'Время обновления строки',
  PRIMARY KEY (`id`)
) ENGINE=InnoDB AUTO_INCREMENT=101 DEFAULT CHARSET=utf8 COLLATE=utf8_unicode_ci COMMENT='Сообщения';
/*!40101 SET character_set_client = @saved_cs_client */;

--
-- Dumping data for table `messages`
--

LOCK TABLES `messages` WRITE;
/*!40000 ALTER TABLE `messages` DISABLE KEYS */;
INSERT INTO `messages` VALUES (1,39,52,'Quisquam qui sunt in consequatur rerum sunt consequuntur eum. Et sed sed est laborum. Inventore quo assumenda eum qui consequatur. Ut et hic rerum odit saepe possimus impedit ut.',1,1,'2013-08-10 13:36:13','2020-09-15 07:19:30'),(2,41,51,'Modi ratione natus aliquid perspiciatis. Voluptas quibusdam et omnis et quia officia. Quo praesentium deserunt rerum rerum est assumenda. Culpa totam illo iste est aut.',1,1,'2013-12-20 14:50:54','2020-09-15 07:19:30'),(3,31,1,'Vitae rem et voluptate ad. Hic veritatis sit rerum omnis sint ipsam. Maxime aliquid molestias voluptatem laboriosam quod numquam.',0,0,'2018-05-03 02:38:28','2020-09-15 07:19:30'),(4,9,45,'Voluptatum totam sit id nihil. Eos fuga error quia eius. Qui nulla officia quas nesciunt quo commodi sit. Quasi sit nisi tempora ea nihil.',1,0,'2019-07-24 00:03:48','2020-09-15 07:19:30'),(5,97,48,'Libero autem et accusamus incidunt voluptatum voluptates voluptate. Harum est molestiae distinctio corrupti rerum. Quisquam quidem id dolor dolorem voluptatem ullam accusantium. Repudiandae et velit aut aut explicabo aspernatur.',1,1,'2013-05-16 06:15:43','2020-09-15 07:19:30'),(6,50,6,'Necessitatibus sunt praesentium debitis voluptate. Qui aut quia nulla. Quod provident quasi mollitia atque minima facere perspiciatis.',1,0,'2012-05-20 14:12:32','2020-09-15 07:19:30'),(7,78,71,'Quisquam ipsum officia quas. Nulla iste voluptatum et officiis vitae. In quaerat ipsum voluptate odit quo velit. Minima consequatur placeat fuga illo minus suscipit officia voluptates.',1,0,'2020-05-27 21:16:06','2020-09-15 07:19:30'),(8,20,88,'Aut exercitationem maxime nobis temporibus. Est qui dicta nobis ducimus non numquam ipsam. Eum facilis nobis nemo deleniti assumenda est voluptas. Et voluptas quis similique magnam vel dolore veritatis.',0,1,'2016-06-13 22:25:06','2020-09-15 07:19:30'),(9,78,27,'Veniam facilis odio aperiam sunt dolore eius quam quia. Neque laudantium repellendus vero unde. Sed autem sed porro recusandae pariatur. Non quam voluptas qui vero non.',0,1,'2011-08-28 12:08:17','2020-09-15 07:19:30'),(10,98,9,'Eum non soluta iste deserunt expedita non animi asperiores. Voluptatem ex omnis quia omnis accusantium voluptas ea. Aperiam sed expedita rerum ut dolor. Doloribus quasi voluptatibus veniam omnis tempora alias officia quo.',1,1,'2017-03-20 13:00:04','2020-09-15 07:19:30'),(11,52,34,'Ratione cum ad autem nemo non eum cupiditate consequuntur. Quis velit quia et adipisci repudiandae voluptatum. Aut qui pariatur expedita commodi et dolorem.',1,1,'2010-09-22 02:37:30','2020-09-15 07:19:30'),(12,11,55,'Praesentium molestiae ipsam mollitia hic. Aut dolores incidunt odio quis impedit aut saepe.',0,1,'2015-05-20 15:31:09','2020-09-15 07:19:30'),(13,39,29,'Quo similique nostrum modi nam enim deserunt ut ut. Similique voluptatem quos et. Occaecati totam exercitationem sed tempora possimus.',0,0,'2012-05-16 18:34:40','2020-09-15 07:19:30'),(14,27,50,'Autem nulla et adipisci ex odio sequi provident. Hic quae in eius delectus id voluptatem nostrum sed. Odit velit fugit adipisci voluptatibus.',0,0,'2019-03-25 02:10:55','2020-09-15 07:19:30'),(15,66,81,'Illo explicabo ratione cupiditate aut. Aperiam architecto ut nihil suscipit harum non. Vel et saepe neque sint. Beatae assumenda eum sit vel.',0,0,'2020-02-01 11:07:37','2020-09-15 07:19:30'),(16,7,91,'Est quaerat cum doloribus veritatis perspiciatis at. Molestias eos magnam quasi aut amet autem. Natus ea dolorem cumque ut aut sed sit sit.',0,1,'2012-12-07 00:12:05','2020-09-15 07:19:30'),(17,35,2,'Cupiditate corrupti voluptas voluptatem. Vitae maxime distinctio tempore. Ut ducimus aliquam laborum exercitationem officiis debitis. Beatae aut error cupiditate fuga doloribus labore consequatur.',1,1,'2011-02-20 22:05:18','2020-09-15 07:19:30'),(18,5,17,'Et officia incidunt maiores iure dignissimos. Autem ipsam est accusamus ratione quibusdam doloribus voluptas rerum.',1,0,'2015-09-15 02:11:00','2020-09-15 07:19:30'),(19,72,5,'Sapiente provident et voluptates dolorem rem. Quia sapiente perspiciatis necessitatibus et. Doloribus sed est facilis temporibus nulla nemo.',0,0,'2014-04-28 04:11:24','2020-09-15 07:19:30'),(20,10,36,'Autem excepturi eaque in aspernatur. Sit dolorem eligendi ipsum eos. Sed consequatur voluptas dolor sit vel.',1,0,'2013-02-04 10:34:54','2020-09-15 07:19:30'),(21,47,26,'Ullam et sequi voluptas maxime itaque officia ducimus. Necessitatibus eos at magni maiores eos alias itaque.',1,0,'2011-02-18 14:27:14','2020-09-15 07:19:30'),(22,88,61,'Et autem non vel voluptatem. Neque ut mollitia qui perspiciatis. Esse corrupti et est odit similique. Sequi error ut optio esse officia est optio.',0,0,'2015-11-21 10:23:19','2020-09-15 07:19:30'),(23,43,31,'Accusantium libero veritatis ab dolores velit tempora. Aspernatur nisi incidunt voluptas corporis necessitatibus sint consectetur. Alias quis a perspiciatis optio velit eveniet. Quo rerum dolor distinctio praesentium et.',1,1,'2018-10-04 03:39:37','2020-09-15 07:19:30'),(24,24,29,'Et qui sit assumenda ratione ipsa unde. Et voluptatem tempore aspernatur nihil enim cumque error qui. Harum vitae rerum culpa ut nisi voluptatem cum.',0,0,'2017-04-10 18:54:56','2020-09-15 07:19:30'),(25,72,71,'Enim tenetur dolore atque consequatur eveniet harum sit rem. Pariatur sed dolores quibusdam aperiam maiores. Est nisi excepturi culpa dolores quia ut sunt.',1,1,'2020-04-11 01:45:55','2020-09-15 07:19:30'),(26,38,79,'Debitis sit dolore voluptate ea ea dolores aspernatur. Libero praesentium dolores vero perferendis sint vero consequatur.',0,0,'2013-01-26 04:06:29','2020-09-15 07:19:30'),(27,81,66,'Quia molestiae illo enim. Ipsam voluptatem sint alias ut voluptate. Dolorem ut consequuntur corrupti dolorem nihil qui.',0,1,'2013-04-14 02:00:12','2020-09-15 07:19:30'),(28,89,43,'Optio voluptas modi quisquam voluptas. Minima ut accusantium vel porro maiores. Tempore qui beatae rem quasi eum consequuntur porro ut. Exercitationem fuga et iure pariatur ut dignissimos tenetur.',0,1,'2014-12-04 09:02:13','2020-09-15 07:19:30'),(29,49,16,'Nihil sed autem id. Voluptatem dicta ut vitae est tenetur. Adipisci quasi minus cum suscipit ipsum. Ut enim et aut ab aut omnis quod cumque.',1,1,'2011-07-11 18:43:11','2020-09-15 07:19:30'),(30,33,17,'Aut ex molestiae id et. Laborum fugiat aut rerum porro nam non. Aut voluptates voluptatem qui. Enim consequatur ipsa eum doloremque rerum ad vero.',0,1,'2017-09-13 19:50:33','2020-09-15 07:19:30'),(31,84,68,'Non sunt necessitatibus sed sunt doloremque dolores vel. Explicabo neque maiores fugiat cumque. Reiciendis esse ut quis impedit porro omnis nesciunt tempora. Sapiente laboriosam maiores excepturi ex quibusdam voluptatem omnis. Voluptatem consectetur et delectus ut dolores aut facilis.',0,0,'2015-05-02 09:15:11','2020-09-15 07:19:30'),(32,88,37,'Aspernatur nihil quasi tempora accusamus praesentium ut. Vitae porro sint suscipit ipsam est aliquam autem at. Odio est quia cupiditate a. Nam voluptas esse exercitationem ducimus. Amet nemo provident alias dolor provident placeat.',1,1,'2020-03-14 15:42:46','2020-09-15 07:19:30'),(33,21,93,'Alias temporibus laborum in nihil sed ea. Omnis eaque pariatur et aut voluptatem occaecati rem quibusdam. Ad enim necessitatibus ducimus eligendi ipsam vero voluptates.',0,1,'2014-06-14 03:13:16','2020-09-15 07:19:30'),(34,99,17,'Cum facilis quae possimus omnis. Voluptatem necessitatibus eum tempora qui sint. Id consequatur consequatur qui voluptates consequatur aperiam natus accusantium. Doloribus quo aliquid quo non.',1,1,'2016-03-02 09:18:08','2020-09-15 07:19:30'),(35,89,94,'Praesentium enim ducimus quis alias. Minus maiores minima omnis aliquam ut. Dolorem velit aut ut ut et dolores labore et.',1,0,'2011-05-22 07:15:48','2020-09-15 07:19:30'),(36,2,25,'Perferendis ab fugit assumenda culpa labore tempora nulla nihil. Eveniet soluta quisquam at voluptate dolores id dolor quod. Ut eos nobis in sunt. A quis illo ut.',0,1,'2014-09-26 05:52:59','2020-09-15 07:19:30'),(37,22,33,'Rerum amet qui qui inventore. Illo quia repellendus dicta est. Voluptatibus distinctio rerum nihil et.',1,1,'2019-06-05 09:33:37','2020-09-15 07:19:30'),(38,98,91,'Quis atque perspiciatis asperiores eligendi consequatur fugiat. Consequatur velit consectetur veritatis cumque id aut incidunt. Laboriosam et aspernatur consectetur aliquam. Vel nesciunt eos aut et. Dolorum consectetur minima delectus sunt dolore minima molestiae et.',1,1,'2016-06-18 12:02:32','2020-09-15 07:19:30'),(39,58,20,'Veritatis nulla voluptatem voluptas dolores perspiciatis dolor. Quia unde nam quibusdam nemo qui. Deleniti esse dolores eligendi numquam expedita non.',0,1,'2013-09-01 22:56:06','2020-09-15 07:19:30'),(40,23,57,'Qui eaque accusamus voluptates ea eveniet tempora molestiae. Et dicta officiis nostrum accusantium. Exercitationem nesciunt ut aut magni quia. Accusantium sint quibusdam ducimus consequatur et aut aut.',0,0,'2013-08-25 23:58:57','2020-09-15 07:19:30'),(41,16,7,'Commodi voluptatem dolor quia voluptas quidem excepturi. Cum optio voluptatibus nam vel fuga pariatur. Eveniet eveniet esse incidunt est harum quasi. Provident est nobis labore quo libero in repellat.',0,1,'2017-05-06 17:07:42','2020-09-15 07:19:30'),(42,86,8,'Vero fugit qui eum debitis earum tempore nam. Rerum nisi vitae eveniet possimus consequuntur quo ut. Illo deserunt dolorem eveniet sed ut. Maiores et rerum blanditiis beatae.',1,1,'2013-11-28 12:35:28','2020-09-15 07:19:30'),(43,83,89,'Quo consequatur ullam laborum est aliquid nostrum sunt. Omnis sunt consectetur maxime enim. Molestiae veniam eligendi rerum ducimus minima dolores. Id expedita aperiam ducimus.',1,1,'2016-05-25 15:59:43','2020-09-15 07:19:30'),(44,96,14,'Rem quia deserunt eos sequi et at. Qui facilis rerum occaecati quas dolorem impedit eaque. Possimus exercitationem consequatur harum mollitia possimus. Autem eius maxime consequatur enim.',1,1,'2015-08-27 21:49:44','2020-09-15 07:19:30'),(45,82,65,'Cupiditate harum et ratione corporis maiores id eos rerum. Eveniet ratione quis harum deserunt. Nulla qui alias nulla provident consequatur eius quisquam. Perferendis dolores doloremque aut provident reprehenderit.',0,1,'2018-11-17 06:40:12','2020-09-15 07:19:30'),(46,78,94,'Qui nesciunt natus et enim sit delectus. Quis voluptas magnam est illo excepturi. Magni dolorem voluptatum nisi velit officia nam non.',1,1,'2015-02-14 18:22:03','2020-09-15 07:19:30'),(47,37,100,'Aut doloremque aut tempora et asperiores. Minima eius eos voluptates rerum soluta autem quam. Officia autem maiores nam.',0,0,'2016-06-06 15:47:22','2020-09-15 07:19:30'),(48,90,51,'Aut et eaque cum. Qui ipsum provident qui. Consequatur et quia molestias aut. Tempore necessitatibus aliquid veritatis ducimus eligendi voluptas quibusdam.',0,0,'2020-05-04 23:10:45','2020-09-15 07:19:30'),(49,86,73,'Et id praesentium ab suscipit voluptate perferendis voluptates necessitatibus. Iure dignissimos est nostrum fuga reprehenderit sit.',1,0,'2015-05-16 21:45:01','2020-09-15 07:19:30'),(50,8,20,'Occaecati sapiente earum officia cum ab. Recusandae omnis similique ex fugiat dolores. Libero blanditiis est enim sit. Totam similique neque sed perferendis ab laborum cum.',1,1,'2019-02-25 10:41:48','2020-09-15 07:19:30'),(51,77,25,'Velit iure ullam ut illo numquam enim ipsum. Est quae enim pariatur voluptas est eum consectetur. Sed atque neque atque fuga doloremque. Quasi a laboriosam facere magnam dolore.',0,0,'2012-12-05 06:56:23','2020-09-15 07:19:30'),(52,92,84,'Quas et repudiandae omnis voluptatum ratione. Delectus sunt est unde est. Sed corrupti dolores nesciunt molestiae labore consectetur voluptates.',0,1,'2012-11-22 15:54:47','2020-09-15 07:19:30'),(53,45,71,'Quia qui facilis eum voluptatem aut. Sit ducimus corporis eligendi et deserunt odit temporibus. Cum velit labore illum dolores qui totam.',0,0,'2013-11-23 16:10:26','2020-09-15 07:19:30'),(54,21,93,'Perferendis sit et distinctio et. Quia dicta non dolorum sint. Nam eum corporis officiis accusantium et.',0,0,'2012-12-05 03:06:23','2020-09-15 07:19:30'),(55,99,16,'Facere autem iure voluptatem vitae iusto. Aut voluptatem consequatur ducimus nihil voluptatem. Distinctio rerum reprehenderit tenetur qui dolorem ipsa. Ut rerum consequuntur nulla omnis eos similique qui ad.',1,0,'2013-12-28 02:14:54','2020-09-15 07:19:30'),(56,82,63,'Labore ullam similique repellat rem. Iste voluptatem officia occaecati libero dolorem beatae.',1,0,'2011-06-24 19:48:33','2020-09-15 07:19:30'),(57,69,54,'Harum dolorem quis facilis totam impedit aut. Voluptatibus sunt culpa sit saepe maxime voluptates et.',1,0,'2013-06-30 18:02:29','2020-09-15 07:19:30'),(58,61,44,'Qui quia ea quisquam aut molestias. Aspernatur dolores mollitia tenetur ad sint dolorem tempora possimus.',0,1,'2020-07-09 21:48:40','2020-09-15 07:19:30'),(59,35,45,'Quisquam asperiores sapiente asperiores dignissimos. Esse doloremque ullam minus unde ex. Sint ducimus quo delectus eligendi. Autem eligendi rem impedit consequatur deserunt autem. Eum ut quaerat ex fugit.',1,1,'2019-02-24 01:07:20','2020-09-15 07:19:30'),(60,20,62,'Possimus ab modi inventore aut. Iure qui dolor voluptas qui voluptatum. Est totam assumenda ipsa quibusdam officiis dolore.',0,1,'2013-06-24 23:33:57','2020-09-15 07:19:30'),(61,51,70,'Et qui quaerat veniam consequuntur. Distinctio explicabo nesciunt rerum atque magnam. Qui non voluptatem facilis ut voluptatibus aut. Ad facere excepturi repellendus ea est mollitia provident.',0,0,'2017-01-03 09:28:50','2020-09-15 07:19:30'),(62,93,57,'Molestiae magnam illo expedita ad. Omnis iste mollitia explicabo qui. Dolore saepe quidem eius rerum. Fugiat sit ea aut nihil quod voluptatem voluptatem. Molestiae voluptates reiciendis optio id molestias.',0,1,'2013-10-14 15:48:01','2020-09-15 07:19:30'),(63,3,47,'Eum dicta eius alias consequatur. Praesentium deserunt praesentium qui cumque voluptas accusantium quia. Asperiores quasi non inventore. Blanditiis voluptatem et voluptatem id consequatur provident aut. Et quo qui assumenda cum modi occaecati.',0,0,'2013-03-25 17:24:14','2020-09-15 07:19:30'),(64,23,72,'Id excepturi fuga nemo quod eos et. Sit voluptatem blanditiis aspernatur saepe commodi. Dolor error ullam magnam earum.',1,0,'2018-08-30 21:02:41','2020-09-15 07:19:30'),(65,93,50,'Officiis maiores et aut ea molestias placeat est voluptas. Quod iure eius architecto aspernatur. Vitae at qui quia enim soluta quam. Corrupti pariatur ipsa voluptatum quisquam voluptatem voluptatem fugiat.',0,0,'2015-03-14 13:36:35','2020-09-15 07:19:30'),(66,68,90,'Et quas necessitatibus assumenda voluptatem non. Et a neque aut non ipsum. Impedit et sequi voluptatum laborum sed aperiam qui. Accusamus aliquid facilis vel aliquam deleniti. Distinctio dolor eum doloribus sit ut earum cumque.',1,1,'2017-03-24 07:37:52','2020-09-15 07:19:30'),(67,47,63,'Consectetur optio provident et cumque qui qui. Fugiat et et et itaque perspiciatis inventore iusto.',1,0,'2016-03-02 17:28:39','2020-09-15 07:19:30'),(68,74,82,'Magni nam nihil et animi. Aut laudantium in ut dolores repudiandae magnam reprehenderit. Esse modi ea eum similique alias.',1,1,'2016-07-26 15:36:29','2020-09-15 07:19:30'),(69,88,94,'Ipsam quia quisquam vero quibusdam. Enim inventore rerum adipisci. Sit facilis porro tempora sunt. Facere dolor dignissimos ad voluptas et. Qui numquam maiores est at aliquam consequatur sint.',1,0,'2015-06-08 21:54:46','2020-09-15 07:19:30'),(70,5,42,'Voluptate sequi porro dolores est omnis. Numquam rerum consequuntur omnis odit qui. Et velit velit quo.',1,0,'2012-04-16 13:36:08','2020-09-15 07:19:30'),(71,93,39,'Quisquam ut eum qui omnis est. Eum quis modi ipsam ut repudiandae asperiores quod. Voluptatem et hic nesciunt repellendus.',0,1,'2018-08-01 11:49:20','2020-09-15 07:19:30'),(72,14,53,'Repellat quas fugit numquam a. Aut sunt libero quia est repudiandae magni. Dolor repellendus occaecati recusandae repellat veritatis omnis reiciendis. Fuga qui voluptatibus distinctio reiciendis. Magni sunt quis dolore aut aut nihil facere.',1,1,'2018-04-28 12:38:28','2020-09-15 07:19:30'),(73,22,53,'Eos dignissimos id ut facilis est. In et cumque harum animi eaque in aliquid. A id ex nulla illo quo. Est doloremque nihil officia unde illum eos.',1,1,'2012-03-07 19:19:57','2020-09-15 07:19:30'),(74,98,31,'Quaerat veritatis aspernatur sint fugiat voluptatem esse. Voluptas rerum et excepturi quia rerum.',1,1,'2015-10-21 04:50:39','2020-09-15 07:19:30'),(75,60,7,'Soluta aut quos ea nulla veritatis. Suscipit reiciendis laboriosam consequatur. Perspiciatis est qui delectus optio officiis adipisci suscipit aut.',0,1,'2011-07-02 12:31:47','2020-09-15 07:19:30'),(76,53,45,'Voluptatibus omnis et est ex. Tempora quas qui sit quo aspernatur recusandae vitae nobis. Magni explicabo sit deleniti. Quia officiis quos quae hic.',0,0,'2012-06-13 19:16:22','2020-09-15 07:19:30'),(77,65,91,'Dolorum ea aliquid eos doloribus eos tempora. In alias asperiores nihil qui delectus expedita reprehenderit. Sit quis itaque et dolorem provident id voluptatibus.',1,0,'2013-07-20 01:59:48','2020-09-15 07:19:30'),(78,59,23,'Excepturi odio minus quam qui libero ea voluptas. Ut eligendi voluptates et. Reprehenderit assumenda dolores distinctio quasi modi rerum sed. Explicabo repellendus eius consequuntur sint quidem sed maiores aut.',1,1,'2010-11-27 21:24:17','2020-09-15 07:19:30'),(79,36,10,'Quis aperiam qui quia est consequatur dolor quo. Minus eaque dolores fuga ipsam modi. Facilis est pariatur rerum repellat quis rerum.',0,0,'2016-01-21 10:46:41','2020-09-15 07:19:30'),(80,40,72,'Quo reiciendis et laudantium odio velit. Eos est ut beatae maxime dolor. Odio consequatur voluptas veniam sint.',1,0,'2015-04-17 00:05:49','2020-09-15 07:19:30'),(81,40,83,'Aut repudiandae debitis alias aut hic ea. Vel repudiandae aut et mollitia. Non qui quam esse deleniti omnis. Qui dolorum laborum ratione mollitia.',1,1,'2011-09-27 19:55:12','2020-09-15 07:19:30'),(82,93,15,'Aut non odio excepturi itaque excepturi dolores. Autem velit ullam dolor. Sed doloribus eaque dolores in exercitationem dolore blanditiis. Eos et sit voluptas nobis aut. Dolor voluptatem ut cupiditate saepe et et sit.',0,0,'2017-08-19 15:08:22','2020-09-15 07:19:30'),(83,98,44,'Ut natus magnam minima consequuntur. Veritatis sed vitae iure expedita consequatur quod quis. Dolorum eum sed qui saepe sint officiis.',0,0,'2018-11-21 09:19:47','2020-09-15 07:19:30'),(84,26,97,'Provident non nam consequuntur. Sapiente totam odio sint aliquam quaerat non. Repellat sit excepturi veniam.',0,1,'2016-04-20 20:59:37','2020-09-15 07:19:30'),(85,6,37,'Impedit ab sint laborum. Nesciunt consectetur ipsa optio veniam maiores. Unde quis aliquid provident aut placeat in. Labore quasi quis commodi sunt perferendis.',0,1,'2011-04-04 18:33:21','2020-09-15 07:19:30'),(86,67,26,'Voluptatem corporis officiis et nisi quas. Reiciendis consequatur quisquam magni libero reiciendis aliquid tempora. Dicta amet labore odio eius recusandae.',1,1,'2012-09-07 12:35:09','2020-09-15 07:19:30'),(87,27,57,'Veniam dolores esse quod et accusamus quia. Aliquid rerum vel minus excepturi a dolorem. Quasi aut ut minus ut repellendus cum facere nostrum. Maxime eos deserunt et suscipit dolore quos.',1,0,'2011-11-03 23:43:49','2020-09-15 07:19:30'),(88,3,43,'Cumque quo esse ut vel excepturi. Rerum nostrum facilis debitis dignissimos accusamus. Non error et accusantium voluptas fuga accusamus eum aut.',0,0,'2016-09-22 13:45:37','2020-09-15 07:19:30'),(89,5,98,'Architecto quo qui autem nulla earum ut soluta. Itaque ut cupiditate vero et hic sit.',1,1,'2018-07-16 08:37:43','2020-09-15 07:19:30'),(90,74,75,'Eos qui consequatur quibusdam alias natus odit aliquid. Sit nihil expedita in rerum reiciendis. Aut odit quia voluptas ullam. Ut enim aspernatur voluptatem soluta et.',0,0,'2013-10-25 02:57:26','2020-09-15 07:19:30'),(91,51,32,'Harum enim et laudantium blanditiis suscipit corrupti sapiente et. Dolores reprehenderit saepe quisquam id laudantium. Et ea nulla nihil est voluptatem quia.',1,1,'2019-07-19 12:31:48','2020-09-15 07:19:30'),(92,4,26,'Fuga aut ad optio modi doloremque sequi. Eos exercitationem totam cupiditate officia quibusdam illum.',1,0,'2016-10-19 03:16:05','2020-09-15 07:19:30'),(93,17,5,'Dolorum molestiae sint eum facilis. Ipsa atque hic aliquid quos pariatur placeat animi. Nam qui nesciunt cum qui. Esse deleniti beatae ut quidem voluptas qui.',0,1,'2012-02-08 12:10:43','2020-09-15 07:19:30'),(94,75,61,'Nemo blanditiis odit dolorum. Quis sint dignissimos accusamus nulla accusantium facere. Sed facilis saepe omnis molestiae iste nemo.',0,0,'2019-10-03 20:57:32','2020-09-15 07:19:30'),(95,79,9,'Ut quas autem reprehenderit et beatae vel commodi. Aliquam laborum quisquam dolorem veniam ut accusantium non dignissimos. Quia consequatur et suscipit quia consequuntur consequatur et.',1,1,'2017-06-02 21:03:04','2020-09-15 07:19:30'),(96,9,18,'Quod voluptate quasi voluptatem sunt odit illum repellendus architecto. Officia tempore reiciendis doloribus qui perferendis fugit et.',0,0,'2013-04-17 18:56:30','2020-09-15 07:19:30'),(97,60,48,'Eius laboriosam eligendi maxime fuga. Dolore ut et atque laudantium molestias odio eligendi. Provident aspernatur ipsa enim ipsa corporis pariatur sit.',1,0,'2014-05-24 14:00:23','2020-09-15 07:19:30'),(98,58,46,'Eum aut at qui consequuntur. Quam quia et autem occaecati iste. Maxime repudiandae quis et enim. Sint qui aperiam iusto omnis soluta. Omnis nisi saepe quia non.',0,0,'2010-11-17 12:54:55','2020-09-15 07:19:30'),(99,58,48,'Ullam laudantium error nisi laudantium corrupti. Odit odio quia voluptatem rerum nihil et. Tempora et est maiores expedita quia a.',1,0,'2019-09-30 23:03:39','2020-09-15 07:19:30'),(100,65,83,'Neque sed illo sit quia. Voluptas non consequuntur nesciunt enim aut aut. Quasi incidunt perferendis ut est minus quo. Eveniet laboriosam praesentium hic eum.',0,0,'2014-10-15 14:23:53','2020-09-15 07:19:30');
/*!40000 ALTER TABLE `messages` ENABLE KEYS */;
UNLOCK TABLES;

--
-- Table structure for table `profiles`
--

DROP TABLE IF EXISTS `profiles`;
/*!40101 SET @saved_cs_client     = @@character_set_client */;
/*!50503 SET character_set_client = utf8mb4 */;
CREATE TABLE `profiles` (
  `user_id` int unsigned NOT NULL COMMENT 'Ссылка на пользователя',
  `gender` char(1) CHARACTER SET utf8 COLLATE utf8_unicode_ci NOT NULL COMMENT 'Пол',
  `birthday` date DEFAULT NULL COMMENT 'Дата рождения',
  `photo_id` int unsigned DEFAULT NULL COMMENT 'Ссылка на основную фотографию пользователя',
  `user_status_id` int unsigned DEFAULT NULL,
  `city` varchar(130) CHARACTER SET utf8 COLLATE utf8_unicode_ci DEFAULT NULL COMMENT 'Город проживания',
  `country` varchar(130) CHARACTER SET utf8 COLLATE utf8_unicode_ci DEFAULT NULL COMMENT 'Страна проживания',
  `created_at` datetime DEFAULT CURRENT_TIMESTAMP COMMENT 'Время создания строки',
  `updated_at` datetime DEFAULT CURRENT_TIMESTAMP ON UPDATE CURRENT_TIMESTAMP COMMENT 'Время обновления строки',
  PRIMARY KEY (`user_id`)
) ENGINE=InnoDB DEFAULT CHARSET=utf8 COLLATE=utf8_unicode_ci COMMENT='Профили';
/*!40101 SET character_set_client = @saved_cs_client */;

--
-- Dumping data for table `profiles`
--

LOCK TABLES `profiles` WRITE;
/*!40000 ALTER TABLE `profiles` DISABLE KEYS */;
INSERT INTO `profiles` VALUES (1,'f','1977-11-22',58,2,'Bodehaven','Denmark','2015-08-06 23:17:03','2020-09-15 07:09:49'),(2,'m','1980-09-23',29,2,'Faemouth','Belgium','2016-04-09 17:24:56','2020-09-15 07:09:49'),(3,'m','1992-03-19',69,1,'New Dianna','Saint Helena','2019-12-27 11:15:10','2020-09-15 07:09:49'),(4,'f','1987-06-11',57,1,'Aprilbury','India','2015-01-09 17:29:32','2020-09-15 07:09:49'),(5,'f','1982-09-24',79,2,'North Waino','India','2015-04-21 10:50:36','2020-09-15 07:09:49'),(6,'f','2014-11-19',24,2,'Lake Florine','France','2020-05-26 22:32:13','2020-09-15 07:09:49'),(7,'m','2018-10-31',83,2,'Hettingerchester','Andorra','2019-10-19 01:42:04','2020-09-15 07:09:49'),(8,'m','2010-12-20',42,2,'South Camrynshire','Macedonia','2014-12-25 13:12:51','2020-09-15 07:09:49'),(9,'m','2005-02-20',59,2,'North Eliview','Jersey','2014-04-08 06:50:37','2020-09-15 07:09:49'),(10,'f','1979-09-19',67,1,'Lacybury','Mayotte','2017-11-04 04:12:41','2020-09-15 07:09:49'),(11,'m','1970-03-21',60,2,'Lake Novella','Fiji','2013-09-04 07:52:57','2020-09-15 07:09:49'),(12,'f','1983-11-08',100,1,'Erickland','Brunei Darussalam','2015-09-29 18:34:37','2020-09-15 07:09:49'),(13,'m','1970-02-19',18,2,'East Yolanda','Tunisia','2013-02-16 01:18:21','2020-09-15 07:09:49'),(14,'m','1984-11-23',89,2,'South Federico','Malawi','2011-11-18 11:17:05','2020-09-15 07:09:49'),(15,'m','2013-05-06',91,1,'Bernhardberg','Ethiopia','2013-12-05 16:46:06','2020-09-15 07:09:49'),(16,'m','1979-10-28',88,1,'Alannatown','Iraq','2017-05-27 15:37:08','2020-09-15 07:09:49'),(17,'f','1974-12-02',68,1,'Ikehaven','Malawi','2018-05-02 17:41:12','2020-09-15 07:09:49'),(18,'f','2017-05-07',73,2,'New Isabellaside','Comoros','2010-09-27 09:31:07','2020-09-15 07:09:49'),(19,'f','1984-07-14',61,1,'Runolfsdottirberg','Singapore','2019-10-16 14:26:10','2020-09-15 07:09:49'),(20,'f','2018-01-28',86,2,'Kuvalisberg','Egypt','2018-08-11 10:45:52','2020-09-15 07:09:49'),(21,'f','1981-02-24',46,2,'West Brook','Saint Martin','2018-10-17 23:27:40','2020-09-15 07:09:49'),(22,'m','1976-04-02',70,2,'Port Grover','Palau','2013-12-28 04:58:13','2020-09-15 07:09:49'),(23,'f','2011-10-16',14,1,'Sporerside','French Guiana','2010-11-09 10:35:51','2020-09-15 07:09:49'),(24,'m','1989-11-17',59,1,'Scottyland','Ghana','2018-10-06 11:55:36','2020-09-15 07:09:49'),(25,'m','2020-04-21',52,1,'Laruechester','Syrian Arab Republic','2017-04-16 08:07:10','2020-09-15 07:09:49'),(26,'f','2017-08-30',84,2,'Moenborough','Costa Rica','2018-01-18 22:44:12','2020-09-15 07:09:49'),(27,'f','2015-07-02',60,2,'Lindgrenstad','Costa Rica','2015-03-03 22:51:44','2020-09-15 07:09:49'),(28,'m','2003-02-21',51,2,'New Fatimatown','Faroe Islands','2011-06-06 23:52:34','2020-09-15 07:09:49'),(29,'m','2019-05-25',74,2,'Darbyside','San Marino','2014-10-14 11:52:42','2020-09-15 07:09:49'),(30,'f','1995-10-13',17,1,'Larsonshire','Djibouti','2016-11-17 06:50:54','2020-09-15 07:09:49'),(31,'f','1999-01-08',61,1,'Morarchester','Senegal','2019-01-13 21:07:10','2020-09-15 07:09:49'),(32,'m','2016-06-15',56,2,'North Pansy','Bhutan','2015-08-20 10:31:37','2020-09-15 07:09:49'),(33,'m','2003-11-21',95,1,'Port Clemmie','Kazakhstan','2013-09-23 13:06:18','2020-09-15 07:09:49'),(34,'f','2015-01-25',6,2,'South Reyna','Gambia','2020-06-05 01:21:15','2020-09-15 07:09:49'),(35,'f','2006-08-03',45,2,'East Penelope','Mauritania','2018-05-08 23:08:48','2020-09-15 07:09:49'),(36,'m','2009-08-17',6,1,'New Kaylintown','Senegal','2014-09-09 04:29:51','2020-09-15 07:09:49'),(37,'m','2001-05-08',93,2,'East Clintmouth','Tonga','2017-03-08 18:05:27','2020-09-15 07:09:49'),(38,'m','1988-09-03',49,1,'Schultzport','Nicaragua','2017-11-07 22:24:10','2020-09-15 07:09:49'),(39,'f','1991-07-22',66,1,'Onatown','Eritrea','2018-03-29 14:09:50','2020-09-15 07:09:49'),(40,'f','1992-05-10',82,2,'South Lonzo','Cambodia','2013-08-08 17:23:02','2020-09-15 07:09:49'),(41,'m','1970-09-16',10,1,'Lake Gracielamouth','Serbia','2017-08-07 05:10:28','2020-09-15 07:09:49'),(42,'m','2017-06-11',4,1,'Eladiohaven','Iraq','2013-01-05 03:32:55','2020-09-15 07:09:49'),(43,'f','1985-05-02',89,2,'Strackeland','Indonesia','2015-08-02 01:59:21','2020-09-15 07:09:49'),(44,'m','2002-10-20',34,1,'North Stefanieburgh','Switzerland','2014-05-17 13:11:42','2020-09-15 07:09:49'),(45,'f','2005-02-01',3,1,'Port Keeley','Israel','2017-12-16 11:25:23','2020-09-15 07:09:49'),(46,'f','1975-04-03',11,1,'Port Raymouth','Faroe Islands','2013-10-05 17:15:23','2020-09-15 07:09:49'),(47,'f','2017-12-08',44,1,'Lake Nova','Iran','2019-10-01 13:04:59','2020-09-15 07:09:49'),(48,'f','2012-03-25',88,2,'Lake Emmaleeberg','Lesotho','2011-05-17 21:58:23','2020-09-15 07:09:49'),(49,'m','1989-12-31',7,2,'Port Katherineborough','Switzerland','2015-07-22 09:54:58','2020-09-15 07:09:49'),(50,'m','2001-05-19',71,1,'Ziemechester','Croatia','2016-09-30 22:55:24','2020-09-15 07:09:49'),(51,'m','2009-04-28',31,1,'West Koleburgh','New Zealand','2015-08-30 06:56:22','2020-09-15 07:09:49'),(52,'f','1989-02-01',45,2,'Schmelermouth','Libyan Arab Jamahiriya','2012-10-01 03:27:17','2020-09-15 07:09:49'),(53,'m','1997-12-14',30,1,'East Zackerytown','Mauritania','2016-02-28 14:38:00','2020-09-15 07:09:49'),(54,'f','2011-12-03',16,1,'Petechester','Mauritius','2012-10-07 16:13:29','2020-09-15 07:09:49'),(55,'m','2004-02-03',87,1,'Kuhicmouth','Indonesia','2016-08-08 05:20:09','2020-09-15 07:09:49'),(56,'m','1970-09-28',90,1,'Feesttown','Mali','2016-05-22 08:15:53','2020-09-15 07:09:49'),(57,'f','2017-08-02',85,1,'Allisonberg','Ethiopia','2015-11-14 12:12:19','2020-09-15 07:09:49'),(58,'f','2008-11-30',55,2,'South Imeldafort','Italy','2014-01-01 03:30:54','2020-09-15 07:09:49'),(59,'m','2006-08-11',21,2,'West Cassandre','Turkmenistan','2018-09-05 09:30:56','2020-09-15 07:09:49'),(60,'f','2000-04-02',38,1,'New Vernon','Niue','2020-01-05 19:40:15','2020-09-15 07:09:49'),(61,'f','2012-01-03',26,2,'West Helga','Albania','2013-04-12 23:21:14','2020-09-15 07:09:49'),(62,'m','1996-11-26',15,2,'South Peggie','Kiribati','2018-10-03 02:10:22','2020-09-15 07:09:49'),(63,'m','1972-09-11',98,2,'Myronborough','Paraguay','2012-09-06 05:42:29','2020-09-15 07:09:49'),(64,'m','1992-03-17',44,1,'Stammburgh','Madagascar','2019-03-02 15:52:46','2020-09-15 07:09:49'),(65,'f','2000-12-20',26,1,'West Noratown','Botswana','2012-09-09 08:25:22','2020-09-15 07:09:49'),(66,'m','1996-01-16',99,2,'New Micaela','Martinique','2019-06-25 01:21:45','2020-09-15 07:09:49'),(67,'f','2011-05-06',13,1,'North Adella','Burundi','2019-02-21 04:29:17','2020-09-15 07:09:49'),(68,'f','1993-12-04',70,2,'Gutmanntown','Ghana','2011-02-01 02:24:56','2020-09-15 07:09:49'),(69,'m','2007-05-12',10,1,'Sanfordborough','Thailand','2019-10-08 23:37:39','2020-09-15 07:09:49'),(70,'m','1983-02-01',41,2,'Boyleshire','Pakistan','2018-11-02 14:40:08','2020-09-15 07:09:49'),(71,'f','1986-01-26',74,2,'Jastton','Czech Republic','2020-01-26 11:46:08','2020-09-15 07:09:49'),(72,'m','1995-03-20',48,2,'West Jedidiahhaven','Tanzania','2020-02-17 18:22:40','2020-09-15 07:09:49'),(73,'f','1996-05-31',15,1,'Lake Eloy','Mongolia','2013-05-01 07:38:41','2020-09-15 07:09:49'),(74,'m','2019-11-28',32,1,'South Enosland','Trinidad and Tobago','2018-01-09 16:55:17','2020-09-15 07:09:49'),(75,'f','2012-08-21',14,2,'North Abbigail','Samoa','2012-04-14 13:19:29','2020-09-15 07:09:49'),(76,'m','1993-08-18',74,1,'Kaitlinfurt','Israel','2019-01-17 18:43:37','2020-09-15 07:09:49'),(77,'f','1984-09-16',25,2,'Destinihaven','Maldives','2020-05-05 02:28:49','2020-09-15 07:09:49'),(78,'f','2010-03-06',6,2,'Schoenstad','Tonga','2020-08-08 17:44:43','2020-09-15 07:09:49'),(79,'f','1985-07-21',54,1,'Barbaraburgh','Montenegro','2015-03-27 09:43:33','2020-09-15 07:09:49'),(80,'m','1974-01-08',49,1,'East Mateo','Eritrea','2016-08-20 13:12:46','2020-09-15 07:09:49'),(81,'f','2016-03-19',83,1,'New Kaneport','Central African Republic','2011-07-08 21:50:55','2020-09-15 07:09:49'),(82,'m','1993-02-07',67,1,'Kertzmannview','Austria','2010-12-20 07:42:53','2020-09-15 07:09:49'),(83,'m','1986-06-20',88,1,'North Justina','Venezuela','2018-07-31 19:36:13','2020-09-15 07:09:49'),(84,'m','1993-04-01',37,2,'Monahanfurt','Lesotho','2015-10-16 15:01:45','2020-09-15 07:09:49'),(85,'f','1983-05-04',22,1,'East Jarrodborough','Morocco','2018-06-30 23:35:28','2020-09-15 07:09:49'),(86,'f','1999-11-25',97,2,'Leannonstad','Botswana','2020-01-19 22:40:25','2020-09-15 07:09:49'),(87,'f','2019-10-25',17,1,'New Isidrotown','Micronesia','2014-03-26 17:25:39','2020-09-15 07:09:49'),(88,'m','1982-01-29',96,1,'Deionside','India','2011-02-03 22:27:37','2020-09-15 07:09:49'),(89,'f','1987-05-10',29,1,'Port Bradleymouth','Mexico','2015-06-24 09:09:33','2020-09-15 07:09:49'),(90,'m','1979-12-27',55,1,'Port Roberto','Cocos (Keeling) Islands','2015-07-27 09:21:03','2020-09-15 07:09:49'),(91,'m','1999-09-02',87,1,'South Miracle','Eritrea','2010-10-17 18:11:39','2020-09-15 07:09:49'),(92,'m','1996-07-12',68,1,'Odieville','San Marino','2017-06-27 02:17:36','2020-09-15 07:09:49'),(93,'f','1981-08-17',81,2,'Burleystad','Nepal','2011-10-23 05:24:32','2020-09-15 07:09:49'),(94,'f','1993-01-02',1,2,'Wuckertfort','Andorra','2015-02-27 09:51:54','2020-09-15 07:09:49'),(95,'f','1989-09-18',59,1,'Donnellyport','Hong Kong','2014-04-21 01:48:59','2020-09-15 07:09:49'),(96,'m','2009-12-10',95,2,'South Jaquelinport','Tunisia','2020-01-21 05:00:26','2020-09-15 07:09:49'),(97,'m','2015-09-10',94,2,'Myahborough','Estonia','2016-01-21 12:36:19','2020-09-15 07:09:49'),(98,'f','2013-11-25',87,2,'Schmelerborough','Guinea-Bissau','2010-11-17 01:50:23','2020-09-15 07:09:49'),(99,'m','1974-02-16',52,1,'Lake Karifort','Seychelles','2011-06-23 17:45:19','2020-09-15 07:09:49'),(100,'m','1988-04-16',100,1,'Blickview','Italy','2018-07-04 19:58:13','2020-09-15 07:09:49');
/*!40000 ALTER TABLE `profiles` ENABLE KEYS */;
UNLOCK TABLES;

--
-- Table structure for table `user_statuses`
--

DROP TABLE IF EXISTS `user_statuses`;
/*!40101 SET @saved_cs_client     = @@character_set_client */;
/*!50503 SET character_set_client = utf8mb4 */;
CREATE TABLE `user_statuses` (
  `id` int unsigned NOT NULL AUTO_INCREMENT COMMENT 'Идентификатор строки',
  `name` varchar(100) NOT NULL COMMENT 'Название статуса (уникально)',
  `created_at` datetime NOT NULL DEFAULT CURRENT_TIMESTAMP COMMENT 'Время создания строки',
  `updated_at` datetime DEFAULT CURRENT_TIMESTAMP ON UPDATE CURRENT_TIMESTAMP COMMENT 'Время обновления строки',
  PRIMARY KEY (`id`)
) ENGINE=InnoDB AUTO_INCREMENT=3 DEFAULT CHARSET=utf8mb4 COLLATE=utf8mb4_0900_ai_ci COMMENT='Справочник статусов';
/*!40101 SET character_set_client = @saved_cs_client */;

--
-- Dumping data for table `user_statuses`
--

LOCK TABLES `user_statuses` WRITE;
/*!40000 ALTER TABLE `user_statuses` DISABLE KEYS */;
INSERT INTO `user_statuses` VALUES (1,'single','2020-09-15 07:04:02','2020-09-15 07:04:02'),(2,'married','2020-09-15 07:04:02','2020-09-15 07:04:02');
/*!40000 ALTER TABLE `user_statuses` ENABLE KEYS */;
UNLOCK TABLES;

--
-- Table structure for table `users`
--

DROP TABLE IF EXISTS `users`;
/*!40101 SET @saved_cs_client     = @@character_set_client */;
/*!50503 SET character_set_client = utf8mb4 */;
CREATE TABLE `users` (
  `id` int unsigned NOT NULL AUTO_INCREMENT COMMENT 'Идентификатор строки',
  `first_name` varchar(100) CHARACTER SET utf8 COLLATE utf8_unicode_ci NOT NULL COMMENT 'Имя пользователя',
  `last_name` varchar(100) CHARACTER SET utf8 COLLATE utf8_unicode_ci NOT NULL COMMENT 'Фамилия пользователя',
  `email` varchar(100) CHARACTER SET utf8 COLLATE utf8_unicode_ci NOT NULL COMMENT 'Почта',
  `phone` varchar(100) CHARACTER SET utf8 COLLATE utf8_unicode_ci NOT NULL COMMENT 'Телефон',
  `created_at` datetime DEFAULT CURRENT_TIMESTAMP COMMENT 'Время создания строки',
  `updated_at` datetime DEFAULT CURRENT_TIMESTAMP ON UPDATE CURRENT_TIMESTAMP COMMENT 'Время обновления строки',
  PRIMARY KEY (`id`),
  UNIQUE KEY `email` (`email`),
  UNIQUE KEY `phone` (`phone`)
) ENGINE=InnoDB AUTO_INCREMENT=101 DEFAULT CHARSET=utf8 COLLATE=utf8_unicode_ci COMMENT='Пользователи';
/*!40101 SET character_set_client = @saved_cs_client */;

--
-- Dumping data for table `users`
--

LOCK TABLES `users` WRITE;
/*!40000 ALTER TABLE `users` DISABLE KEYS */;
INSERT INTO `users` VALUES (1,'Marcelo','Beer','emard.gino@example.org','642.526.1723x281','2016-01-12 12:09:48','2017-10-15 20:44:49'),(2,'Claud','Reynolds','wcarter@example.org','1-184-359-9012','2010-10-17 02:39:06','2020-02-18 00:52:10'),(3,'Jedediah','Ullrich','bergstrom.matilde@example.com','536.225.8150','2012-04-08 03:10:27','2017-06-16 02:14:10'),(4,'Trey','Borer','jesse99@example.net','116.710.2595x14870','2014-10-21 07:00:31','2020-09-14 00:46:56'),(5,'Ciara','Morissette','marcus67@example.com','(607)279-6048','2012-07-10 06:44:54','2017-09-03 08:46:50'),(6,'Candice','Pagac','aron.kertzmann@example.com','02680049946','2015-04-27 15:33:00','2016-12-10 00:24:02'),(7,'Ubaldo','Wiza','zoe26@example.com','328-320-6345x052','2012-09-21 21:50:10','2013-11-23 22:33:41'),(8,'Felipe','Carter','montana.metz@example.net','1-899-033-5911x6894','2017-08-12 00:39:00','2020-09-14 00:46:56'),(9,'Isabell','Carter','muhammad72@example.org','(792)543-7510x9730','2016-06-03 04:25:21','2020-09-14 00:46:56'),(10,'Adela','Denesik','murazik.aniya@example.com','571-004-0770x3963','2015-05-23 07:34:19','2020-09-14 00:46:56'),(11,'Braxton','Muller','smclaughlin@example.org','1-571-122-2410','2014-07-28 17:23:05','2014-08-06 01:51:56'),(12,'Aleen','Halvorson','marjory.ebert@example.com','(435)080-7092x1431','2018-02-23 05:12:02','2020-06-07 05:14:13'),(13,'Samara','O\'Hara','fredy14@example.net','550-998-9345x8108','2012-06-13 03:25:57','2020-03-04 09:12:21'),(14,'Tristin','Nader','carroll.lucile@example.com','(785)466-8668x4257','2016-08-20 06:50:50','2020-09-14 00:46:56'),(15,'Ephraim','Hagenes','myrna19@example.com','(746)478-2907','2013-01-31 03:56:08','2014-03-10 18:15:02'),(16,'Rashad','Erdman','elyssa.littel@example.org','013.468.6930x96800','2011-02-12 06:44:56','2012-09-02 11:56:30'),(17,'Rachelle','Spinka','zkessler@example.com','05892251719','2011-10-28 04:58:11','2013-12-20 16:21:55'),(18,'Eileen','Wolf','gboyer@example.com','00568217107','2010-11-15 02:00:43','2011-02-19 18:08:16'),(19,'Lorna','White','hhuel@example.net','962-069-5985','2015-05-13 06:15:09','2020-09-14 00:46:56'),(20,'Elias','Hermann','junius13@example.org','1-421-719-9883','2012-03-02 07:09:08','2020-09-14 00:46:56'),(21,'Florian','Schneider','stacey.kuhic@example.com','517-961-8078x154','2018-10-24 01:57:08','2020-09-14 00:46:56'),(22,'Dillan','Okuneva','nreichert@example.org','(080)392-1959x18797','2017-05-07 18:41:56','2020-09-14 00:46:56'),(23,'Daniella','Mueller','ylangosh@example.net','912.392.6550','2013-02-26 10:23:16','2016-10-17 05:26:32'),(24,'Euna','Franecki','yschimmel@example.net','619.381.9873x04803','2019-01-21 01:13:25','2020-09-14 00:46:56'),(25,'Tanya','Mayert','markus.hudson@example.org','1-391-587-3941x02883','2014-03-10 03:05:32','2020-09-14 00:46:56'),(26,'Destiney','Ankunding','gibson.montana@example.net','1-866-806-1166','2010-11-08 14:01:28','2020-03-06 04:45:41'),(27,'Trace','Quitzon','hferry@example.net','+26(0)8935101368','2011-10-14 01:10:42','2015-10-26 08:27:13'),(28,'Enrico','Green','dean.krajcik@example.net','(459)812-5621','2011-05-09 14:19:10','2020-09-14 00:46:56'),(29,'Carrie','Paucek','marvin.bethel@example.com','452-440-1373','2016-02-10 06:13:54','2020-09-14 00:46:56'),(30,'Abelardo','Quigley','dickinson.ephraim@example.net','01974971926','2011-11-20 22:45:50','2014-03-16 09:48:53'),(31,'Priscilla','Leffler','tromp.stephan@example.net','1-163-990-0148','2014-12-25 06:14:23','2020-09-14 00:46:56'),(32,'Bridget','Ledner','lester58@example.org','1-774-453-8295x3525','2015-07-20 13:06:46','2020-09-14 00:46:56'),(33,'Jaquelin','Murazik','sammie44@example.com','564-184-7082','2011-01-01 18:06:00','2020-05-06 10:52:13'),(34,'Sally','Blanda','elenora.bradtke@example.com','435.869.9539','2011-10-22 02:04:55','2014-02-27 10:51:59'),(35,'Pearlie','Kohler','rodriguez.sibyl@example.org','(415)037-1269x017','2019-09-22 14:17:36','2020-09-14 00:46:56'),(36,'Vilma','Rosenbaum','boehm.miracle@example.net','(294)000-4368x4068','2016-02-03 07:52:09','2016-12-05 06:42:08'),(37,'Wilbert','Nader','nikolas38@example.net','763-118-6373x50287','2015-10-25 03:54:17','2020-01-19 08:54:52'),(38,'Liam','Romaguera','wkertzmann@example.com','454-841-3979x164','2018-10-18 09:48:23','2020-09-14 00:46:56'),(39,'Conor','Kautzer','rosalinda.ondricka@example.org','1-441-433-2228x32773','2018-02-17 03:30:16','2020-09-14 00:46:56'),(40,'Donavon','Skiles','kuphal.spencer@example.org','1-991-474-3757','2015-01-07 16:37:05','2015-05-31 01:12:40'),(41,'Sandrine','Effertz','imogene.effertz@example.net','+69(0)4069267506','2019-06-04 09:48:43','2020-09-14 00:46:56'),(42,'April','Lynch','alexys28@example.org','645.354.0153x23377','2014-07-07 18:39:23','2019-06-23 17:52:23'),(43,'Fausto','O\'Keefe','mohammed.casper@example.net','02082044221','2015-08-07 05:17:33','2020-09-14 00:46:56'),(44,'Timmy','Kohler','hickle.brandt@example.com','361.570.3968','2018-06-17 03:37:28','2019-06-08 23:45:16'),(45,'Weston','Miller','lukas18@example.net','05793622292','2014-01-03 06:53:07','2020-09-14 00:46:56'),(46,'Hermina','Crooks','asha06@example.com','1-341-407-6164x703','2012-01-02 11:41:22','2013-03-06 23:42:58'),(47,'Demetris','Nitzsche','hveum@example.com','+07(2)6109951045','2017-06-25 11:12:50','2020-06-07 21:46:49'),(48,'Trystan','Feil','fjakubowski@example.org','418-587-5168x930','2019-03-23 02:20:00','2020-09-14 00:46:56'),(49,'Velva','Durgan','josh.dubuque@example.org','03544398275','2017-02-23 01:41:42','2020-09-14 00:46:56'),(50,'Dion','Legros','ymckenzie@example.org','05613446692','2013-08-22 22:56:10','2018-03-15 20:47:31'),(51,'Eulah','Murazik','xschowalter@example.org','052-657-3744x4308','2015-09-17 22:12:05','2020-09-14 00:46:56'),(52,'Katlynn','Wintheiser','dstrosin@example.net','1-014-048-1413','2017-06-12 13:42:17','2020-09-14 00:46:56'),(53,'Estel','Grady','marcus42@example.net','(117)684-5899x04268','2020-05-31 06:04:36','2020-09-14 00:46:56'),(54,'Kiel','Purdy','curtis.russel@example.org','990-340-8185x61321','2017-08-29 21:11:53','2020-09-14 00:46:56'),(55,'Narciso','Cartwright','ldenesik@example.net','+31(3)1029645779','2015-04-05 15:37:00','2020-09-14 00:46:56'),(56,'Vicenta','Blick','edwina.hagenes@example.net','799.640.9179x752','2018-01-05 10:01:46','2020-09-14 00:46:56'),(57,'Telly','Tremblay','delphine.denesik@example.net','089-808-5758','2019-09-10 13:10:43','2020-09-14 00:46:56'),(58,'Sylvia','Nitzsche','lynch.david@example.org','(581)095-3081x1476','2015-05-30 02:22:55','2020-09-14 00:46:56'),(59,'Oswaldo','Douglas','leanne14@example.net','+22(3)0136378522','2016-06-18 01:44:10','2017-12-30 21:48:36'),(60,'Payton','Bauch','percy10@example.com','1-431-388-1096x577','2016-08-28 14:49:20','2020-09-14 00:46:56'),(61,'Teagan','Schaefer','ngutmann@example.com','+05(8)8118344589','2011-05-20 18:33:01','2015-10-03 06:06:12'),(62,'Elian','Gerlach','rath.leonie@example.org','(250)757-8127','2011-11-21 10:44:02','2017-10-04 07:00:50'),(63,'Tanya','Dooley','spencer.berge@example.com','678-195-7586','2019-11-26 19:11:33','2020-09-14 00:46:56'),(64,'Brett','White','javon85@example.org','1-265-449-2885','2011-11-21 11:09:31','2011-11-28 03:55:04'),(65,'Kellen','Ferry','leffler.jairo@example.com','836-642-0801','2017-01-28 19:44:36','2020-09-14 00:46:56'),(66,'Mertie','D\'Amore','hyman.windler@example.org','394-071-8778','2012-02-25 12:34:04','2019-02-10 06:30:41'),(67,'Maude','Gibson','efeeney@example.net','1-087-110-6892x92082','2015-08-06 06:02:48','2020-09-14 00:46:56'),(68,'Kara','Herzog','green.phyllis@example.com','1-682-920-9519x37942','2012-05-30 18:08:41','2020-09-14 00:46:56'),(69,'Malinda','Stroman','hodkiewicz.carol@example.net','(350)430-7133x4809','2020-04-25 11:42:37','2020-09-14 00:46:56'),(70,'Germaine','Hoeger','lesch.palma@example.net','783.627.8751x99113','2017-10-06 14:33:32','2020-09-14 00:46:56'),(71,'Asha','Gottlieb','dave.quigley@example.net','09336296413','2016-02-15 18:14:09','2017-08-10 16:38:00'),(72,'Lelia','Streich','moriah57@example.net','195.952.6912x9572','2016-11-17 13:39:25','2020-09-14 00:46:56'),(73,'Moriah','Stoltenberg','stoltenberg.brenden@example.org','(881)258-2582x45455','2016-01-16 04:42:01','2020-09-14 00:46:56'),(74,'Laura','Rutherford','cyril19@example.com','1-054-557-4774','2011-06-09 05:28:15','2016-12-22 08:58:41'),(75,'Marisol','Zemlak','mante.clint@example.com','06361664769','2013-11-07 14:09:13','2020-05-16 04:39:46'),(76,'Raymond','Abernathy','reichert.coralie@example.com','07791733676','2018-01-21 04:15:44','2020-09-14 00:46:56'),(77,'Donnie','Walter','pdurgan@example.net','311.174.5164x04958','2016-08-26 10:35:50','2020-09-14 00:46:56'),(78,'Jessie','Barton','gblock@example.org','395.018.1491','2017-06-13 14:55:12','2017-09-13 19:54:50'),(79,'Loren','Daniel','cpurdy@example.com','(248)654-5740','2019-01-26 02:14:57','2020-09-14 00:46:56'),(80,'Alia','Bruen','belle.bayer@example.com','1-205-605-5937x048','2018-11-26 18:32:16','2020-09-14 00:46:56'),(81,'Afton','Dickens','gregg43@example.org','548-702-1722x002','2020-02-15 22:43:13','2020-09-14 00:46:56'),(82,'Janessa','Breitenberg','parisian.natalie@example.net','240-262-4822','2013-07-25 06:59:50','2020-09-14 00:46:56'),(83,'Clemens','Trantow','golden.reichert@example.org','(124)588-0824x011','2018-06-19 17:04:39','2018-12-12 03:41:26'),(84,'Franco','Hoppe','allan66@example.org','1-971-642-0602x67937','2012-03-29 18:02:08','2016-12-21 13:20:43'),(85,'Makayla','Kunde','ernser.erling@example.net','635.549.4703x9846','2018-04-22 01:35:15','2020-09-14 00:46:56'),(86,'Macy','Reynolds','emelia56@example.com','725-856-4773x3161','2014-04-05 01:25:52','2017-04-16 01:12:05'),(87,'Jacklyn','McDermott','kunze.myah@example.org','628.660.4417','2016-06-15 18:02:46','2020-02-03 22:12:27'),(88,'Consuelo','Kuhic','karine54@example.org','+19(4)5909498265','2019-09-17 19:44:06','2020-09-14 00:46:56'),(89,'Norene','Macejkovic','darian.grant@example.org','564-562-4982x051','2014-07-30 20:29:49','2015-09-18 10:21:58'),(90,'Madge','Daugherty','danielle15@example.net','112-030-8354x535','2015-07-31 01:40:53','2020-09-14 00:46:56'),(91,'Ottilie','Tillman','zhackett@example.net','(847)971-6998x70299','2012-01-05 05:33:15','2018-01-07 03:47:30'),(92,'Trent','Boyer','hand.alexandria@example.org','1-078-441-6765','2015-11-16 01:48:32','2020-09-14 00:46:56'),(93,'Dino','Gerhold','mertie.jakubowski@example.org','121.173.7056x1288','2011-10-04 06:21:13','2017-03-24 03:52:15'),(94,'Gilberto','Fritsch','brekke.kassandra@example.com','1-352-804-7752x58376','2014-02-24 03:31:49','2016-04-04 23:45:33'),(95,'Lucinda','Parker','cheyenne89@example.net','195-374-6319x27577','2020-03-09 15:55:02','2020-09-14 00:46:56'),(96,'Iliana','Kub','ismael.herzog@example.com','1-180-005-1716x68006','2013-08-24 11:44:58','2015-06-20 09:48:39'),(97,'Hailee','Bayer','kemmer.lexie@example.com','214.259.5974x21559','2017-10-16 23:46:40','2020-09-14 00:46:56'),(98,'Genevieve','Hilpert','presley91@example.com','921.831.8528x1480','2012-10-13 13:15:40','2013-06-03 21:56:49'),(99,'Matteo','Abshire','lkreiger@example.org','(611)836-1579x1761','2016-03-26 10:02:37','2020-09-14 00:46:56'),(100,'Amir','Cummerata','zakary.greenfelder@example.net','(295)334-0927','2014-12-21 05:20:18','2020-09-14 00:46:56');
/*!40000 ALTER TABLE `users` ENABLE KEYS */;
UNLOCK TABLES;
/*!40103 SET TIME_ZONE=@OLD_TIME_ZONE */;

/*!40101 SET SQL_MODE=@OLD_SQL_MODE */;
/*!40014 SET FOREIGN_KEY_CHECKS=@OLD_FOREIGN_KEY_CHECKS */;
/*!40014 SET UNIQUE_CHECKS=@OLD_UNIQUE_CHECKS */;
/*!40101 SET CHARACTER_SET_CLIENT=@OLD_CHARACTER_SET_CLIENT */;
/*!40101 SET CHARACTER_SET_RESULTS=@OLD_CHARACTER_SET_RESULTS */;
/*!40101 SET COLLATION_CONNECTION=@OLD_COLLATION_CONNECTION */;
/*!40111 SET SQL_NOTES=@OLD_SQL_NOTES */;

-- Dump completed on 2020-09-15  8:32:14
